area,year,month,crime_count,avg_severity,pct_critical,pct_high,pct_night,pct_weekend,pct_festival,pct_violent,pct_property,n_crime_types,avg_hour,month_sin,month_cos,quarter,is_festival_month,area_base_weight,zone_Central,zone_East,zone_North,zone_South,zone_West,crime_count_lag_1,crime_count_lag_2,crime_count_lag_3,crime_count_lag_12,rolling_avg_3m,rolling_avg_6m,rolling_std_3m,mom_change,yoy_change,target_crime_count
Ambavadi,2023,1,7,2.0,0.2857142857142857,0.0,0.5714285714285714,0.2857142857142857,0.0,0.2857142857142857,0.2857142857142857,6,13.285714285714286,0.49999999999999994,0.8660254037844387,1,1,3,0,0,0,0,1,7.392857142857143,7.2592592592592595,6.923076923076923,6.235294117647059,7.166666666666667,6.861309523809523,0.0,0.22088164811379093,0.690826330532213,3.0
Ambavadi,2023,2,3,2.0,0.0,0.3333333333333333,0.3333333333333333,0.3333333333333333,0.0,0.3333333333333333,0.3333333333333333,3,17.333333333333332,0.8660254037844386,0.5000000000000001,1,0,3,0,0,0,0,1,7.0,7.2592592592592595,6.923076923076923,6.235294117647059,7.0,7.0,0.0,-0.5714285714285714,0.690826330532213,6.0
Ambavadi,2023,3,6,2.1666666666666665,0.16666666666666666,0.0,0.5,0.5,0.16666666666666666,0.3333333333333333,0.3333333333333333,5,13.5,1.0,6.123233995736766e-17,1,1,3,0,0,0,0,1,3.0,7.0,6.923076923076923,6.235294117647059,5.0,5.0,2.8284271247461903,1.0,0.690826330532213,5.0
Ambavadi,2023,4,5,2.8,0.2,0.6,0.2,0.4,0.0,0.2,0.6,3,8.2,0.8660254037844387,-0.4999999999999998,2,0,3,0,0,0,0,1,6.0,3.0,7.0,6.235294117647059,5.333333333333333,5.333333333333333,2.081665999466133,-0.16666666666666663,0.690826330532213,5.0
Ambavadi,2023,5,5,2.0,0.0,0.2,0.2,0.0,0.0,0.0,0.8,5,12.0,0.49999999999999994,-0.8660254037844387,2,0,3,0,0,0,0,1,5.0,6.0,3.0,6.235294117647059,4.666666666666667,5.25,1.5275252316519465,0.0,0.690826330532213,5.0
Ambavadi,2023,6,5,2.4,0.0,0.6,0.4,0.0,0.0,0.4,0.4,5,10.4,1.2246467991473532e-16,-1.0,2,0,3,0,0,0,0,1,5.0,5.0,6.0,6.235294117647059,5.333333333333333,5.2,0.577350269189625,0.0,0.690826330532213,2.0
Ambavadi,2023,7,2,2.0,0.0,0.5,0.0,0.0,0.0,0.5,0.0,2,13.5,-0.4999999999999997,-0.8660254037844388,3,0,3,0,0,0,0,1,5.0,5.0,5.0,6.235294117647059,5.0,5.166666666666667,0.0,-0.6,0.690826330532213,6.0
Ambavadi,2023,8,6,2.3333333333333335,0.16666666666666666,0.16666666666666666,0.5,0.3333333333333333,0.0,0.5,0.5,5,15.5,-0.8660254037844385,-0.5000000000000004,3,0,3,0,0,0,0,1,2.0,5.0,5.0,6.235294117647059,4.0,4.333333333333333,1.7320508075688772,2.0,0.690826330532213,3.0
Ambavadi,2023,9,3,2.6666666666666665,0.3333333333333333,0.0,0.3333333333333333,0.3333333333333333,0.0,0.6666666666666666,0.3333333333333333,3,14.333333333333334,-1.0,-1.8369701987210297e-16,3,0,3,0,0,0,0,1,6.0,2.0,5.0,6.235294117647059,4.333333333333333,4.833333333333333,2.081665999466133,-0.5,0.690826330532213,8.0
Ambavadi,2023,10,8,2.25,0.125,0.375,0.375,0.375,0.125,0.25,0.375,8,8.0,-0.8660254037844386,0.5000000000000001,4,1,3,0,0,0,0,1,3.0,6.0,2.0,6.235294117647059,3.6666666666666665,4.333333333333333,2.0816659994661326,1.6666666666666665,0.690826330532213,10.0
Ambavadi,2023,11,10,2.1,0.0,0.3,0.3,0.2,0.0,0.3,0.4,7,14.0,-0.5000000000000004,0.8660254037844384,4,1,3,0,0,0,0,1,8.0,3.0,6.0,6.235294117647059,5.666666666666667,4.833333333333333,2.516611478423583,0.25,0.690826330532213,5.0
Ambavadi,2023,12,5,2.4,0.0,0.4,0.0,0.4,0.0,0.2,0.2,3,13.0,-2.4492935982947064e-16,1.0,4,1,3,0,0,0,0,1,10.0,8.0,3.0,6.235294117647059,7.0,5.666666666666667,3.605551275463989,-0.5,0.690826330532213,9.0
Ambavadi,2024,1,9,2.3333333333333335,0.0,0.4444444444444444,0.0,0.1111111111111111,0.1111111111111111,0.3333333333333333,0.5555555555555556,7,13.222222222222221,0.49999999999999994,0.8660254037844387,1,1,3,0,0,0,0,1,5.0,10.0,8.0,7.0,7.666666666666667,5.666666666666667,2.5166114784235836,0.8,0.2857142857142858,6.0
Ambavadi,2024,2,6,2.0,0.16666666666666666,0.16666666666666666,0.16666666666666666,0.0,0.0,0.3333333333333333,0.3333333333333333,5,13.666666666666666,0.8660254037844386,0.5000000000000001,1,0,3,0,0,0,0,1,9.0,5.0,10.0,3.0,8.0,6.833333333333333,2.6457513110645907,-0.33333333333333337,1.0,8.0
Ambavadi,2024,3,8,2.75,0.25,0.375,0.375,0.25,0.0,0.5,0.5,7,10.0,1.0,6.123233995736766e-17,1,1,3,0,0,0,0,1,6.0,9.0,5.0,6.0,6.666666666666667,6.833333333333333,2.081665999466133,0.33333333333333326,0.33333333333333326,9.0
Ambavadi,2024,4,9,2.111111111111111,0.2222222222222222,0.1111111111111111,0.1111111111111111,0.3333333333333333,0.0,0.3333333333333333,0.5555555555555556,7,14.777777777777779,0.8660254037844387,-0.4999999999999998,2,0,3,0,0,0,0,1,8.0,6.0,9.0,5.0,7.666666666666667,7.666666666666667,1.5275252316519465,0.125,0.8,9.0
Ambavadi,2024,5,9,2.4444444444444446,0.2222222222222222,0.2222222222222222,0.4444444444444444,0.2222222222222222,0.0,0.4444444444444444,0.4444444444444444,7,17.333333333333332,0.49999999999999994,-0.8660254037844387,2,0,3,0,0,0,0,1,9.0,8.0,6.0,5.0,7.666666666666667,7.833333333333333,1.5275252316519465,0.0,0.8,5.0
Ambavadi,2024,6,5,2.4,0.2,0.0,0.2,0.2,0.0,0.4,0.4,5,15.0,1.2246467991473532e-16,-1.0,2,0,3,0,0,0,0,1,9.0,9.0,8.0,5.0,8.666666666666666,7.666666666666667,0.5773502691896252,-0.4444444444444444,0.0,9.0
Ambavadi,2024,8,9,2.5555555555555554,0.1111111111111111,0.4444444444444444,0.3333333333333333,0.4444444444444444,0.0,0.5555555555555556,0.3333333333333333,8,18.555555555555557,-0.8660254037844385,-0.5000000000000004,3,0,3,0,0,0,0,1,5.0,9.0,9.0,2.0,7.666666666666667,7.666666666666667,2.3094010767585034,0.8,3.5,7.0
Ambavadi,2024,9,7,2.7142857142857144,0.42857142857142855,0.0,0.5714285714285714,0.14285714285714285,0.0,0.2857142857142857,0.42857142857142855,6,12.571428571428571,-1.0,-1.8369701987210297e-16,3,0,3,0,0,0,0,1,9.0,5.0,9.0,6.0,7.666666666666667,7.666666666666667,2.3094010767585034,-0.2222222222222222,0.16666666666666674,8.0
Ambavadi,2024,10,8,2.75,0.375,0.125,0.375,0.375,0.375,0.375,0.25,7,11.5,-0.8660254037844386,0.5000000000000001,4,1,3,0,0,0,0,1,7.0,9.0,5.0,3.0,7.0,7.833333333333333,2.0,0.1428571428571428,1.6666666666666665,9.0
Ambavadi,2024,11,9,2.6666666666666665,0.2222222222222222,0.3333333333333333,0.2222222222222222,0.2222222222222222,0.2222222222222222,0.3333333333333333,0.5555555555555556,6,10.333333333333334,-0.5000000000000004,0.8660254037844384,4,1,3,0,0,0,0,1,8.0,7.0,9.0,8.0,8.0,7.833333333333333,1.0000000000000004,0.125,0.125,4.0
Ambavadi,2024,12,4,3.25,0.25,0.75,0.25,0.5,0.0,0.5,0.0,4,17.5,-2.4492935982947064e-16,1.0,4,1,3,0,0,0,0,1,9.0,8.0,7.0,10.0,8.0,7.833333333333333,1.0000000000000004,-0.5555555555555556,-0.6,15.0
Ambavadi,2025,1,15,2.2666666666666666,0.06666666666666667,0.26666666666666666,0.26666666666666666,0.3333333333333333,0.0,0.4666666666666667,0.3333333333333333,10,11.533333333333333,0.49999999999999994,0.8660254037844387,1,1,3,0,0,0,0,1,4.0,9.0,8.0,5.0,7.0,7.0,2.6457513110645907,2.75,2.0,9.0
Ambavadi,2025,2,9,2.2222222222222223,0.1111111111111111,0.3333333333333333,0.2222222222222222,0.3333333333333333,0.0,0.4444444444444444,0.2222222222222222,8,8.88888888888889,0.8660254037844386,0.5000000000000001,1,0,3,0,0,0,0,1,15.0,4.0,9.0,9.0,9.333333333333334,8.666666666666666,5.507570547286102,-0.4,0.0,8.0
Ambavadi,2025,3,8,2.0,0.0,0.25,0.25,0.0,0.0,0.0,0.875,5,10.25,1.0,6.123233995736766e-17,1,1,3,0,0,0,0,1,9.0,15.0,4.0,6.0,9.333333333333334,8.666666666666666,5.507570547286102,-0.11111111111111116,0.33333333333333326,16.0
Ambavadi,2025,4,16,2.0,0.0625,0.3125,0.0,0.1875,0.0,0.1875,0.25,9,16.5625,0.8660254037844387,-0.4999999999999998,2,0,3,0,0,0,0,1,8.0,9.0,15.0,8.0,10.666666666666666,8.833333333333334,3.785938897200182,1.0,1.0,11.0
Ambavadi,2025,5,11,2.090909090909091,0.18181818181818182,0.18181818181818182,0.09090909090909091,0.36363636363636365,0.0,0.09090909090909091,0.45454545454545453,7,14.0,0.49999999999999994,-0.8660254037844387,2,0,3,0,0,0,0,1,16.0,8.0,9.0,9.0,11.0,10.166666666666666,4.358898943540673,-0.3125,0.22222222222222232,10.0
Ambavadi,2025,6,10,3.0,0.4,0.3,0.2,0.4,0.0,0.4,0.4,7,11.4,1.2246467991473532e-16,-1.0,2,0,3,0,0,0,0,1,11.0,16.0,8.0,9.0,11.666666666666666,10.5,4.04145188432738,-0.09090909090909094,0.11111111111111116,1.0
Asarwa,2023,1,17,2.0588235294117645,0.058823529411764705,0.23529411764705882,0.35294117647058826,0.23529411764705882,0.11764705882352941,0.29411764705882354,0.4117647058823529,10,13.294117647058824,0.49999999999999994,0.8660254037844387,1,1,8,0,1,0,0,0,19.06896551724138,18.571428571428573,18.25925925925926,16.833333333333332,18.580459770114945,17.988505747126435,0.0,0.07150546999995343,0.2953604214431716,16.0
Asarwa,2023,2,16,2.25,0.125,0.25,0.125,0.25,0.0,0.25,0.625,9,11.9375,0.8660254037844386,0.5000000000000001,1,0,8,0,1,0,0,0,17.0,18.571428571428573,18.25925925925926,16.833333333333332,17.0,17.0,0.0,-0.05882352941176472,0.2953604214431716,13.0
Asarwa,2023,3,13,1.6923076923076923,0.0,0.15384615384615385,0.23076923076923078,0.38461538461538464,0.07692307692307693,0.15384615384615385,0.23076923076923078,6,11.923076923076923,1.0,6.123233995736766e-17,1,1,8,0,1,0,0,0,16.0,17.0,18.25925925925926,16.833333333333332,16.5,16.5,0.7071067811865476,-0.1875,0.2953604214431716,12.0
Asarwa,2023,4,12,2.0833333333333335,0.08333333333333333,0.16666666666666666,0.16666666666666666,0.4166666666666667,0.0,0.16666666666666666,0.3333333333333333,9,13.25,0.8660254037844387,-0.4999999999999998,2,0,8,0,1,0,0,0,13.0,16.0,17.0,16.833333333333332,15.333333333333334,15.333333333333334,2.081665999466133,-0.07692307692307687,0.2953604214431716,17.0
Asarwa,2023,5,17,2.411764705882353,0.0,0.47058823529411764,0.5294117647058824,0.5294117647058824,0.0,0.11764705882352941,0.35294117647058826,8,9.117647058823529,0.49999999999999994,-0.8660254037844387,2,0,8,0,1,0,0,0,12.0,13.0,16.0,16.833333333333332,13.666666666666666,14.5,2.081665999466133,0.41666666666666674,0.2953604214431716,10.0
Asarwa,2023,6,10,2.0,0.1,0.1,0.3,0.2,0.0,0.1,0.3,7,13.6,1.2246467991473532e-16,-1.0,2,0,8,0,1,0,0,0,17.0,12.0,13.0,16.833333333333332,14.0,15.0,2.6457513110645907,-0.4117647058823529,0.2953604214431716,16.0
Asarwa,2023,7,16,2.4375,0.125,0.375,0.3125,0.4375,0.0,0.4375,0.25,10,10.875,-0.4999999999999997,-0.8660254037844388,3,0,8,0,1,0,0,0,10.0,17.0,12.0,16.833333333333332,13.0,14.166666666666666,3.605551275463989,0.6000000000000001,0.2953604214431716,16.0
Asarwa,2023,8,16,2.5,0.125,0.4375,0.25,0.375,0.0,0.3125,0.3125,11,14.5625,-0.8660254037844385,-0.5000000000000004,3,0,8,0,1,0,0,0,16.0,10.0,17.0,16.833333333333332,14.333333333333334,14.0,3.7859388972001824,0.0,0.2953604214431716,16.0
Asarwa,2023,9,16,2.1875,0.125,0.3125,0.3125,0.375,0.0,0.25,0.5,10,15.375,-1.0,-1.8369701987210297e-16,3,0,8,0,1,0,0,0,16.0,16.0,10.0,16.833333333333332,14.0,14.0,3.4641016151377544,0.0,0.2953604214431716,23.0
Asarwa,2023,10,23,2.3043478260869565,0.21739130434782608,0.13043478260869565,0.21739130434782608,0.34782608695652173,0.391304347826087,0.34782608695652173,0.43478260869565216,12,13.347826086956522,-0.8660254037844386,0.5000000000000001,4,1,8,0,1,0,0,0,16.0,16.0,16.0,16.833333333333332,16.0,14.5,0.0,0.4375,0.2953604214431716,20.0
Asarwa,2023,11,20,2.45,0.2,0.35,0.45,0.15,0.1,0.35,0.35,11,11.85,-0.5000000000000004,0.8660254037844384,4,1,8,0,1,0,0,0,23.0,16.0,16.0,16.833333333333332,18.333333333333332,16.333333333333332,4.041451884327381,-0.13043478260869568,0.2953604214431716,12.0
Asarwa,2023,12,12,2.4166666666666665,0.08333333333333333,0.4166666666666667,0.3333333333333333,0.4166666666666667,0.0,0.16666666666666666,0.5,7,15.833333333333334,-2.4492935982947064e-16,1.0,4,1,8,0,1,0,0,0,20.0,23.0,16.0,16.833333333333332,19.666666666666668,16.833333333333332,3.5118845842842465,-0.4,0.2953604214431716,22.0
Asarwa,2024,1,22,2.5,0.13636363636363635,0.36363636363636365,0.2727272727272727,0.13636363636363635,0.09090909090909091,0.36363636363636365,0.3181818181818182,11,12.727272727272727,0.49999999999999994,0.8660254037844387,1,1,8,0,1,0,0,0,12.0,20.0,23.0,17.0,18.333333333333332,17.166666666666668,5.686240703077327,0.8333333333333333,0.2941176470588236,15.0
Asarwa,2024,2,15,2.533333333333333,0.13333333333333333,0.4666666666666667,0.4,0.26666666666666666,0.0,0.4,0.4666666666666667,11,14.0,0.8660254037844386,0.5000000000000001,1,0,8,0,1,0,0,0,22.0,12.0,20.0,16.0,18.0,18.166666666666668,5.2915026221291805,-0.31818181818181823,-0.0625,19.0
Asarwa,2024,3,19,2.210526315789474,0.21052631578947367,0.10526315789473684,0.2631578947368421,0.3684210526315789,0.05263157894736842,0.42105263157894735,0.3157894736842105,12,12.631578947368421,1.0,6.123233995736766e-17,1,1,8,0,1,0,0,0,15.0,22.0,12.0,13.0,16.333333333333332,18.0,5.131601439446883,0.2666666666666666,0.46153846153846145,22.0
Asarwa,2024,4,22,2.590909090909091,0.13636363636363635,0.45454545454545453,0.3181818181818182,0.22727272727272727,0.0,0.45454545454545453,0.36363636363636365,12,12.363636363636363,0.8660254037844387,-0.4999999999999998,2,0,8,0,1,0,0,0,19.0,15.0,22.0,12.0,18.666666666666668,18.5,3.511884584284245,0.1578947368421053,0.8333333333333333,19.0
Asarwa,2024,5,19,2.263157894736842,0.10526315789473684,0.3157894736842105,0.2631578947368421,0.15789473684210525,0.0,0.2631578947368421,0.42105263157894735,9,10.31578947368421,0.49999999999999994,-0.8660254037844387,2,0,8,0,1,0,0,0,22.0,19.0,15.0,17.0,18.666666666666668,18.333333333333332,3.511884584284245,-0.13636363636363635,0.11764705882352944,18.0
Asarwa,2024,6,18,2.5555555555555554,0.16666666666666666,0.4444444444444444,0.4444444444444444,0.2777777777777778,0.0,0.4444444444444444,0.2222222222222222,10,14.166666666666666,1.2246467991473532e-16,-1.0,2,0,8,0,1,0,0,0,19.0,22.0,19.0,10.0,20.0,18.166666666666668,1.7320508075688743,-0.052631578947368474,0.8,11.0
Asarwa,2024,7,11,2.4545454545454546,0.18181818181818182,0.2727272727272727,0.45454545454545453,0.18181818181818182,0.0,0.36363636363636365,0.36363636363636365,9,10.363636363636363,-0.4999999999999997,-0.8660254037844388,3,0,8,0,1,0,0,0,18.0,19.0,22.0,16.0,19.666666666666668,19.166666666666668,2.0816659994661304,-0.38888888888888884,-0.3125,17.0
Asarwa,2024,8,17,2.176470588235294,0.11764705882352941,0.17647058823529413,0.4117647058823529,0.23529411764705882,0.0,0.058823529411764705,0.6470588235294118,10,9.529411764705882,-0.8660254037844385,-0.5000000000000004,3,0,8,0,1,0,0,0,11.0,18.0,19.0,16.0,16.0,17.333333333333332,4.358898943540673,0.5454545454545454,0.0625,18.0
Asarwa,2024,9,18,2.1666666666666665,0.1111111111111111,0.3333333333333333,0.3888888888888889,0.5,0.0,0.2777777777777778,0.2777777777777778,12,12.333333333333334,-1.0,-1.8369701987210297e-16,3,0,8,0,1,0,0,0,17.0,11.0,18.0,16.0,15.333333333333334,17.666666666666668,3.7859388972001815,0.05882352941176472,0.125,22.0
Asarwa,2024,10,22,2.1818181818181817,0.09090909090909091,0.36363636363636365,0.3181818181818182,0.2727272727272727,0.3181818181818182,0.3181818181818182,0.45454545454545453,10,14.909090909090908,-0.8660254037844386,0.5000000000000001,4,1,8,0,1,0,0,0,18.0,17.0,11.0,23.0,15.333333333333334,17.5,3.7859388972001815,0.22222222222222232,-0.04347826086956519,22.0
Asarwa,2024,11,22,2.6818181818181817,0.13636363636363635,0.5,0.18181818181818182,0.22727272727272727,0.3181818181818182,0.3181818181818182,0.4090909090909091,12,15.454545454545455,-0.5000000000000004,0.8660254037844384,4,1,8,0,1,0,0,0,22.0,18.0,17.0,20.0,19.0,17.5,2.6457513110645885,0.0,0.10000000000000009,18.0
Asarwa,2024,12,18,2.6666666666666665,0.2222222222222222,0.4444444444444444,0.3333333333333333,0.4444444444444444,0.0,0.2777777777777778,0.2777777777777778,9,13.722222222222221,-2.4492935982947064e-16,1.0,4,1,8,0,1,0,0,0,22.0,22.0,18.0,12.0,20.666666666666668,18.0,2.3094010767585007,-0.18181818181818177,0.5,36.0
Asarwa,2025,1,36,2.0555555555555554,0.027777777777777776,0.2777777777777778,0.4166666666666667,0.16666666666666666,0.1111111111111111,0.16666666666666666,0.6111111111111112,12,12.722222222222221,0.49999999999999994,0.8660254037844387,1,1,8,0,1,0,0,0,18.0,22.0,22.0,22.0,20.666666666666668,18.0,2.3094010767585034,1.0,0.6363636363636365,18.0
Asarwa,2025,2,18,2.5,0.16666666666666666,0.3333333333333333,0.2777777777777778,0.3888888888888889,0.0,0.2777777777777778,0.5,13,13.222222222222221,0.8660254037844386,0.5000000000000001,1,0,8,0,1,0,0,0,36.0,18.0,22.0,15.0,25.333333333333332,22.166666666666668,9.451631252505218,-0.5,0.19999999999999996,28.0
Asarwa,2025,3,28,2.5714285714285716,0.25,0.21428571428571427,0.39285714285714285,0.25,0.10714285714285714,0.42857142857142855,0.42857142857142855,11,11.964285714285714,1.0,6.123233995736766e-17,1,1,8,0,1,0,0,0,18.0,36.0,18.0,19.0,24.0,22.333333333333332,10.392304845413264,0.5555555555555556,0.4736842105263157,27.0
Asarwa,2025,4,27,2.2222222222222223,0.14814814814814814,0.2222222222222222,0.4074074074074074,0.37037037037037035,0.0,0.2962962962962963,0.37037037037037035,14,12.333333333333334,0.8660254037844387,-0.4999999999999998,2,0,8,0,1,0,0,0,28.0,18.0,36.0,22.0,27.333333333333332,24.0,9.018499505645789,-0.0357142857142857,0.2272727272727273,33.0
Asarwa,2025,5,33,2.6363636363636362,0.24242424242424243,0.3333333333333333,0.30303030303030304,0.42424242424242425,0.0,0.3333333333333333,0.42424242424242425,10,12.333333333333334,0.49999999999999994,-0.8660254037844387,2,0,8,0,1,0,0,0,27.0,28.0,18.0,19.0,24.333333333333332,24.833333333333332,5.507570547286102,0.22222222222222232,0.736842105263158,21.0
Asarwa,2025,6,21,2.2857142857142856,0.09523809523809523,0.3333333333333333,0.3333333333333333,0.42857142857142855,0.0,0.42857142857142855,0.19047619047619047,9,12.285714285714286,1.2246467991473532e-16,-1.0,2,0,8,0,1,0,0,0,33.0,27.0,28.0,18.0,29.333333333333332,26.666666666666668,3.21455025366432,-0.36363636363636365,0.16666666666666674,1.0
Bapunagar,2023,1,15,2.533333333333333,0.13333333333333333,0.4666666666666667,0.2,0.26666666666666666,0.13333333333333333,0.4,0.3333333333333333,10,12.933333333333334,0.49999999999999994,0.8660254037844387,1,1,9,0,1,0,0,0,22.7,22.551724137931036,21.5,17.63157894736842,22.011111111111113,20.704444444444448,0.0,0.03822011365183575,0.41625977280735305,13.0
Bapunagar,2023,2,13,2.1538461538461537,0.07692307692307693,0.23076923076923078,0.23076923076923078,0.38461538461538464,0.0,0.3076923076923077,0.38461538461538464,10,13.76923076923077,0.8660254037844386,0.5000000000000001,1,0,9,0,1,0,0,0,15.0,22.551724137931036,21.5,17.63157894736842,15.0,15.0,0.0,-0.1333333333333333,0.41625977280735305,14.0
Bapunagar,2023,3,14,2.642857142857143,0.14285714285714285,0.42857142857142855,0.21428571428571427,0.35714285714285715,0.07142857142857142,0.2857142857142857,0.35714285714285715,10,13.714285714285714,1.0,6.123233995736766e-17,1,1,9,0,1,0,0,0,13.0,15.0,21.5,17.63157894736842,14.0,14.0,1.4142135623730951,0.07692307692307687,0.41625977280735305,18.0
Bapunagar,2023,4,18,2.4444444444444446,0.16666666666666666,0.3888888888888889,0.3333333333333333,0.3888888888888889,0.0,0.3888888888888889,0.4444444444444444,9,12.555555555555555,0.8660254037844387,-0.4999999999999998,2,0,9,0,1,0,0,0,14.0,13.0,15.0,17.63157894736842,14.0,14.0,1.0,0.2857142857142858,0.41625977280735305,14.0
Bapunagar,2023,5,14,2.7142857142857144,0.14285714285714285,0.5714285714285714,0.21428571428571427,0.35714285714285715,0.0,0.2857142857142857,0.42857142857142855,10,14.642857142857142,0.49999999999999994,-0.8660254037844387,2,0,9,0,1,0,0,0,18.0,14.0,13.0,17.63157894736842,15.0,15.0,2.6457513110645907,-0.2222222222222222,0.41625977280735305,16.0
Bapunagar,2023,6,16,2.5625,0.1875,0.375,0.375,0.375,0.0,0.4375,0.25,9,14.5625,1.2246467991473532e-16,-1.0,2,0,9,0,1,0,0,0,14.0,18.0,14.0,17.63157894736842,15.333333333333334,14.8,2.3094010767585034,0.1428571428571428,0.41625977280735305,16.0
Bapunagar,2023,7,16,1.9375,0.0625,0.25,0.375,0.5,0.0,0.125,0.5625,10,13.9375,-0.4999999999999997,-0.8660254037844388,3,0,9,0,1,0,0,0,16.0,14.0,18.0,17.63157894736842,16.0,15.0,2.0,0.0,0.41625977280735305,16.0
Bapunagar,2023,8,16,2.125,0.0625,0.3125,0.375,0.1875,0.0,0.375,0.3125,12,11.375,-0.8660254037844385,-0.5000000000000004,3,0,9,0,1,0,0,0,16.0,16.0,14.0,17.63157894736842,15.333333333333334,15.166666666666666,1.1547005383792515,0.0,0.41625977280735305,15.0
Bapunagar,2023,9,15,2.066666666666667,0.0,0.26666666666666666,0.2,0.26666666666666666,0.0,0.26666666666666666,0.3333333333333333,10,11.466666666666667,-1.0,-1.8369701987210297e-16,3,0,9,0,1,0,0,0,16.0,16.0,16.0,17.63157894736842,16.0,15.666666666666666,0.0,-0.0625,0.41625977280735305,24.0
Bapunagar,2023,10,24,2.6666666666666665,0.2916666666666667,0.2916666666666667,0.25,0.125,0.2916666666666667,0.4166666666666667,0.375,12,13.75,-0.8660254037844386,0.5000000000000001,4,1,9,0,1,0,0,0,15.0,16.0,16.0,17.63157894736842,15.666666666666666,15.833333333333334,0.5773502691896255,0.6000000000000001,0.41625977280735305,19.0
Bapunagar,2023,11,19,2.6315789473684212,0.15789473684210525,0.47368421052631576,0.21052631578947367,0.2631578947368421,0.10526315789473684,0.47368421052631576,0.42105263157894735,10,14.0,-0.5000000000000004,0.8660254037844384,4,1,9,0,1,0,0,0,24.0,15.0,16.0,17.63157894736842,18.333333333333332,16.833333333333332,4.932882862316248,-0.20833333333333337,0.41625977280735305,25.0
Bapunagar,2023,12,25,2.56,0.24,0.28,0.2,0.4,0.0,0.32,0.36,12,12.4,-2.4492935982947064e-16,1.0,4,1,9,0,1,0,0,0,19.0,24.0,15.0,17.63157894736842,19.333333333333332,17.666666666666668,4.509249752822895,0.3157894736842106,0.41625977280735305,22.0
Bapunagar,2024,1,22,2.590909090909091,0.13636363636363635,0.5,0.3181818181818182,0.2727272727272727,0.13636363636363635,0.45454545454545453,0.3181818181818182,11,12.636363636363637,0.49999999999999994,0.8660254037844387,1,1,9,0,1,0,0,0,25.0,19.0,24.0,15.0,22.666666666666668,19.166666666666668,3.21455025366432,-0.12,0.46666666666666656,16.0
Bapunagar,2024,2,16,2.6875,0.125,0.5625,0.25,0.1875,0.0,0.5625,0.1875,7,11.75,0.8660254037844386,0.5000000000000001,1,0,9,0,1,0,0,0,22.0,25.0,19.0,13.0,22.0,20.166666666666668,3.0000000000000018,-0.2727272727272727,0.23076923076923084,26.0
Bapunagar,2024,3,26,2.230769230769231,0.038461538461538464,0.34615384615384615,0.2692307692307692,0.15384615384615385,0.038461538461538464,0.34615384615384615,0.38461538461538464,11,12.653846153846153,1.0,6.123233995736766e-17,1,1,9,0,1,0,0,0,16.0,22.0,25.0,14.0,21.0,20.166666666666668,4.582575694955842,0.625,0.8571428571428572,17.0
Bapunagar,2024,4,17,2.4705882352941178,0.17647058823529413,0.23529411764705882,0.35294117647058826,0.29411764705882354,0.0,0.29411764705882354,0.35294117647058826,11,10.705882352941176,0.8660254037844387,-0.4999999999999998,2,0,9,0,1,0,0,0,26.0,16.0,22.0,18.0,21.333333333333332,22.0,5.033222956847168,-0.34615384615384615,-0.05555555555555558,16.0
Bapunagar,2024,5,16,1.875,0.125,0.125,0.4375,0.125,0.0,0.125,0.4375,11,9.5,0.49999999999999994,-0.8660254037844387,2,0,9,0,1,0,0,0,17.0,26.0,16.0,14.0,19.666666666666668,20.833333333333332,5.507570547286104,-0.05882352941176472,0.1428571428571428,18.0
Bapunagar,2024,6,18,2.0555555555555554,0.1111111111111111,0.2222222222222222,0.3888888888888889,0.3333333333333333,0.0,0.2777777777777778,0.4444444444444444,11,13.055555555555555,1.2246467991473532e-16,-1.0,2,0,9,0,1,0,0,0,16.0,17.0,26.0,16.0,19.666666666666668,20.333333333333332,5.507570547286104,0.125,0.125,15.0
Bapunagar,2024,7,15,2.466666666666667,0.06666666666666667,0.4666666666666667,0.3333333333333333,0.06666666666666667,0.0,0.26666666666666666,0.4,8,13.6,-0.4999999999999997,-0.8660254037844388,3,0,9,0,1,0,0,0,18.0,16.0,17.0,16.0,17.0,19.166666666666668,1.0000000000000107,-0.16666666666666663,-0.0625,15.0
Bapunagar,2024,8,15,2.466666666666667,0.13333333333333333,0.3333333333333333,0.2,0.4666666666666667,0.0,0.6666666666666666,0.13333333333333333,7,12.666666666666666,-0.8660254037844385,-0.5000000000000004,3,0,9,0,1,0,0,0,15.0,18.0,16.0,16.0,16.333333333333332,18.0,1.5275252316519532,0.0,-0.0625,20.0
Bapunagar,2024,9,20,2.5,0.2,0.25,0.3,0.3,0.0,0.35,0.4,9,11.85,-1.0,-1.8369701987210297e-16,3,0,9,0,1,0,0,0,15.0,15.0,18.0,15.0,16.0,17.833333333333332,1.7320508075688832,0.33333333333333326,0.33333333333333326,25.0
Bapunagar,2024,10,25,2.08,0.12,0.16,0.16,0.16,0.24,0.28,0.56,13,13.72,-0.8660254037844386,0.5000000000000001,4,1,9,0,1,0,0,0,20.0,15.0,15.0,24.0,16.666666666666668,16.833333333333332,2.886751345948128,0.25,0.04166666666666674,20.0
Bapunagar,2024,11,20,2.35,0.15,0.4,0.45,0.4,0.2,0.25,0.65,9,9.85,-0.5000000000000004,0.8660254037844384,4,1,9,0,1,0,0,0,25.0,20.0,15.0,19.0,20.0,18.166666666666668,5.0,-0.19999999999999996,0.05263157894736836,24.0
Bapunagar,2024,12,24,2.25,0.08333333333333333,0.2916666666666667,0.375,0.2916666666666667,0.0,0.20833333333333334,0.5,12,12.208333333333334,-2.4492935982947064e-16,1.0,4,1,9,0,1,0,0,0,20.0,25.0,20.0,25.0,21.666666666666668,18.833333333333332,2.8867513459481287,0.19999999999999996,-0.040000000000000036,48.0
Bapunagar,2025,1,48,2.6458333333333335,0.16666666666666666,0.3958333333333333,0.3958333333333333,0.2916666666666667,0.125,0.3958333333333333,0.5,14,12.1875,0.49999999999999994,0.8660254037844387,1,1,9,0,1,0,0,0,24.0,20.0,25.0,22.0,23.0,19.833333333333332,2.6457513110645903,1.0,1.1818181818181817,31.0
Bapunagar,2025,2,31,2.5806451612903225,0.25806451612903225,0.2903225806451613,0.2903225806451613,0.2903225806451613,0.0,0.41935483870967744,0.3870967741935484,10,12.32258064516129,0.8660254037844386,0.5000000000000001,1,0,9,0,1,0,0,0,48.0,24.0,20.0,16.0,30.666666666666668,25.333333333333332,15.143755588800731,-0.35416666666666663,0.9375,49.0
Bapunagar,2025,3,49,2.4081632653061225,0.12244897959183673,0.32653061224489793,0.1836734693877551,0.20408163265306123,0.08163265306122448,0.32653061224489793,0.3673469387755102,13,14.306122448979592,1.0,6.123233995736766e-17,1,1,9,0,1,0,0,0,31.0,48.0,24.0,26.0,34.333333333333336,28.0,12.342339054382414,0.5806451612903225,0.8846153846153846,35.0
Bapunagar,2025,4,35,2.257142857142857,0.22857142857142856,0.14285714285714285,0.2857142857142857,0.2,0.0,0.22857142857142856,0.42857142857142855,13,12.285714285714286,0.8660254037844387,-0.4999999999999998,2,0,9,0,1,0,0,0,49.0,31.0,48.0,17.0,42.666666666666664,32.833333333333336,10.11599393699568,-0.2857142857142857,1.0588235294117645,52.0
Bapunagar,2025,5,52,2.230769230769231,0.11538461538461539,0.2692307692307692,0.28846153846153844,0.4423076923076923,0.0,0.23076923076923078,0.40384615384615385,14,13.173076923076923,0.49999999999999994,-0.8660254037844387,2,0,9,0,1,0,0,0,35.0,49.0,31.0,16.0,38.333333333333336,34.5,9.45163125250522,0.48571428571428577,2.25,27.0
Bapunagar,2025,6,27,2.185185185185185,0.037037037037037035,0.4074074074074074,0.3333333333333333,0.5185185185185185,0.0,0.25925925925925924,0.4444444444444444,12,14.333333333333334,1.2246467991473532e-16,-1.0,2,0,9,0,1,0,0,0,52.0,35.0,49.0,18.0,45.333333333333336,39.833333333333336,9.073771725877469,-0.4807692307692307,0.5,1.0
Bapunagar,2025,7,1,3.0,0.0,1.0,1.0,1.0,0.0,0.0,0.0,1,4.0,-0.4999999999999997,-0.8660254037844388,3,0,9,0,1,0,0,0,27.0,52.0,35.0,15.0,38.0,40.333333333333336,12.767145334803708,-0.962962962962963,-0.9333333333333333,1.0
Bodakdev,2023,1,3,2.3333333333333335,0.0,0.6666666666666666,0.3333333333333333,0.0,0.0,0.0,0.0,2,9.333333333333334,0.49999999999999994,0.8660254037844387,1,1,2,0,0,0,0,1,6.214285714285714,6.0,5.615384615384615,4.647058823529412,5.857142857142857,5.51547619047619,0.0,0.25545248402391263,0.9552521008403361,5.0
Bodakdev,2023,2,5,2.2,0.0,0.2,0.2,0.2,0.0,0.0,0.4,4,11.2,0.8660254037844386,0.5000000000000001,1,0,2,0,0,0,0,1,3.0,6.0,5.615384615384615,4.647058823529412,3.0,3.0,0.0,0.6666666666666667,0.9552521008403361,5.0
Bodakdev,2023,3,5,2.0,0.0,0.4,0.2,0.4,0.0,0.2,0.8,3,8.6,1.0,6.123233995736766e-17,1,1,2,0,0,0,0,1,5.0,3.0,5.615384615384615,4.647058823529412,4.0,4.0,1.4142135623730951,0.0,0.9552521008403361,3.0
Bodakdev,2023,4,3,2.6666666666666665,0.0,0.6666666666666666,0.3333333333333333,0.3333333333333333,0.0,0.0,0.6666666666666666,3,10.333333333333334,0.8660254037844387,-0.4999999999999998,2,0,2,0,0,0,0,1,5.0,5.0,3.0,4.647058823529412,4.333333333333333,4.333333333333333,1.1547005383792517,-0.4,0.9552521008403361,7.0
Bodakdev,2023,5,7,2.7142857142857144,0.14285714285714285,0.42857142857142855,0.2857142857142857,0.42857142857142855,0.0,0.14285714285714285,0.5714285714285714,6,8.714285714285714,0.49999999999999994,-0.8660254037844387,2,0,2,0,0,0,0,1,3.0,5.0,5.0,4.647058823529412,4.333333333333333,4.0,1.1547005383792515,1.3333333333333335,0.9552521008403361,3.0
Bodakdev,2023,6,3,2.3333333333333335,0.0,0.6666666666666666,0.3333333333333333,0.6666666666666666,0.0,0.0,1.0,2,8.666666666666666,1.2246467991473532e-16,-1.0,2,0,2,0,0,0,0,1,7.0,3.0,5.0,4.647058823529412,5.0,4.6,2.0,-0.5714285714285714,0.9552521008403361,1.0
Bodakdev,2023,7,1,3.0,0.0,1.0,0.0,0.0,0.0,0.0,0.0,1,18.0,-0.4999999999999997,-0.8660254037844388,3,0,2,0,0,0,0,1,3.0,7.0,3.0,4.647058823529412,4.333333333333333,4.333333333333333,2.309401076758503,-0.6666666666666667,0.9552521008403361,5.0
Bodakdev,2023,8,5,1.6,0.0,0.2,0.6,0.6,0.0,0.0,1.0,4,9.6,-0.8660254037844385,-0.5000000000000004,3,0,2,0,0,0,0,1,1.0,3.0,7.0,4.647058823529412,3.6666666666666665,4.0,3.0550504633038935,4.0,0.9552521008403361,3.0
Bodakdev,2023,9,3,2.0,0.0,0.3333333333333333,0.0,0.3333333333333333,0.0,0.0,0.6666666666666666,3,18.0,-1.0,-1.8369701987210297e-16,3,0,2,0,0,0,0,1,5.0,1.0,3.0,4.647058823529412,3.0,4.0,2.0,-0.4,0.9552521008403361,7.0
Bodakdev,2023,10,7,2.4285714285714284,0.14285714285714285,0.2857142857142857,0.2857142857142857,0.2857142857142857,0.5714285714285714,0.14285714285714285,0.2857142857142857,6,11.714285714285714,-0.8660254037844386,0.5000000000000001,4,1,2,0,0,0,0,1,3.0,5.0,1.0,4.647058823529412,3.0,3.6666666666666665,2.0,1.3333333333333335,0.9552521008403361,3.0
Bodakdev,2023,11,3,2.6666666666666665,0.3333333333333333,0.0,0.0,0.0,0.3333333333333333,0.3333333333333333,0.6666666666666666,3,12.0,-0.5000000000000004,0.8660254037844384,4,1,2,0,0,0,0,1,7.0,3.0,5.0,4.647058823529412,5.0,4.333333333333333,1.9999999999999991,-0.5714285714285714,0.9552521008403361,4.0
Bodakdev,2023,12,4,2.0,0.0,0.25,0.5,0.25,0.0,0.0,0.5,2,11.75,-2.4492935982947064e-16,1.0,4,1,2,0,0,0,0,1,3.0,7.0,3.0,4.647058823529412,4.333333333333333,3.6666666666666665,2.309401076758503,0.33333333333333326,0.9552521008403361,8.0
Bodakdev,2024,1,8,2.0,0.0,0.25,0.25,0.5,0.25,0.125,0.5,6,13.5,0.49999999999999994,0.8660254037844387,1,1,2,0,0,0,0,1,4.0,3.0,7.0,3.0,4.666666666666667,3.8333333333333335,2.0816659994661326,1.0,1.6666666666666665,5.0
Bodakdev,2024,2,5,2.0,0.0,0.2,0.2,0.6,0.0,0.2,0.4,4,8.6,0.8660254037844386,0.5000000000000001,1,0,2,0,0,0,0,1,8.0,4.0,3.0,5.0,5.0,5.0,2.6457513110645903,-0.375,0.0,5.0
Bodakdev,2024,3,5,2.4,0.0,0.4,0.2,0.4,0.0,0.4,0.2,5,5.8,1.0,6.123233995736766e-17,1,1,2,0,0,0,0,1,5.0,8.0,4.0,5.0,5.666666666666667,5.0,2.0816659994661317,0.0,0.0,5.0
Bodakdev,2024,4,5,2.4,0.2,0.2,0.2,0.6,0.0,0.4,0.6,4,10.8,0.8660254037844387,-0.4999999999999998,2,0,2,0,0,0,0,1,5.0,5.0,8.0,3.0,6.0,5.333333333333333,1.7320508075688759,0.0,0.6666666666666667,7.0
Bodakdev,2024,5,7,2.2857142857142856,0.14285714285714285,0.14285714285714285,0.5714285714285714,0.2857142857142857,0.0,0.5714285714285714,0.2857142857142857,6,13.428571428571429,0.49999999999999994,-0.8660254037844387,2,0,2,0,0,0,0,1,5.0,5.0,5.0,7.0,5.0,5.0,0.0,0.3999999999999999,0.0,6.0
Bodakdev,2024,6,6,2.6666666666666665,0.16666666666666666,0.3333333333333333,0.16666666666666666,0.16666666666666666,0.0,0.3333333333333333,0.16666666666666666,4,12.833333333333334,1.2246467991473532e-16,-1.0,2,0,2,0,0,0,0,1,7.0,5.0,5.0,3.0,5.666666666666667,5.666666666666667,1.1547005383792515,-0.1428571428571429,1.0,4.0
Bodakdev,2024,7,4,2.25,0.0,0.5,0.0,0.75,0.0,0.0,1.0,2,12.75,-0.4999999999999997,-0.8660254037844388,3,0,2,0,0,0,0,1,6.0,7.0,5.0,1.0,6.0,6.0,0.9999999999999998,-0.33333333333333337,3.0,6.0
Bodakdev,2024,8,6,2.5,0.0,0.5,0.16666666666666666,0.0,0.0,0.0,0.8333333333333334,4,12.166666666666666,-0.8660254037844385,-0.5000000000000004,3,0,2,0,0,0,0,1,4.0,6.0,7.0,5.0,5.666666666666667,5.333333333333333,1.5275252316519468,0.5,0.19999999999999996,6.0
Bodakdev,2024,9,6,1.1666666666666667,0.0,0.0,0.5,0.3333333333333333,0.0,0.0,0.6666666666666666,5,11.5,-1.0,-1.8369701987210297e-16,3,0,2,0,0,0,0,1,6.0,4.0,6.0,3.0,5.333333333333333,5.5,1.1547005383792517,0.0,1.0,9.0
Bodakdev,2024,10,9,2.111111111111111,0.2222222222222222,0.1111111111111111,0.2222222222222222,0.2222222222222222,0.1111111111111111,0.1111111111111111,0.7777777777777778,7,15.333333333333334,-0.8660254037844386,0.5000000000000001,4,1,2,0,0,0,0,1,6.0,6.0,4.0,7.0,5.333333333333333,5.666666666666667,1.1547005383792517,0.5,0.2857142857142858,11.0
Bodakdev,2024,11,11,2.3636363636363638,0.18181818181818182,0.2727272727272727,0.36363636363636365,0.2727272727272727,0.2727272727272727,0.18181818181818182,0.7272727272727273,7,11.545454545454545,-0.5000000000000004,0.8660254037844384,4,1,2,0,0,0,0,1,9.0,6.0,6.0,3.0,7.0,6.333333333333333,1.7320508075688772,0.22222222222222232,2.6666666666666665,8.0
Bodakdev,2024,12,8,2.25,0.125,0.25,0.25,0.125,0.0,0.25,0.375,5,13.875,-2.4492935982947064e-16,1.0,4,1,2,0,0,0,0,1,11.0,9.0,6.0,4.0,8.666666666666666,7.0,2.5166114784235836,-0.2727272727272727,1.0,9.0
Bodakdev,2025,1,9,2.2222222222222223,0.1111111111111111,0.3333333333333333,0.3333333333333333,0.2222222222222222,0.0,0.2222222222222222,0.5555555555555556,8,9.555555555555555,0.49999999999999994,0.8660254037844387,1,1,2,0,0,0,0,1,8.0,11.0,9.0,8.0,9.333333333333334,7.333333333333333,1.5275252316519474,0.125,0.125,8.0
Bodakdev,2025,2,8,2.375,0.125,0.375,0.25,0.375,0.0,0.375,0.5,7,11.875,0.8660254037844386,0.5000000000000001,1,0,2,0,0,0,0,1,9.0,8.0,11.0,5.0,9.333333333333334,8.166666666666666,1.5275252316519474,-0.11111111111111116,0.6000000000000001,16.0
Bodakdev,2025,3,16,2.0625,0.125,0.1875,0.4375,0.3125,0.0,0.25,0.625,9,13.5,1.0,6.123233995736766e-17,1,1,2,0,0,0,0,1,8.0,9.0,8.0,5.0,8.333333333333334,8.5,0.5773502691896286,1.0,2.2,12.0
Bodakdev,2025,4,12,1.9166666666666667,0.0,0.25,0.5,0.08333333333333333,0.0,0.0,0.6666666666666666,6,11.083333333333334,0.8660254037844387,-0.4999999999999998,2,0,2,0,0,0,0,1,16.0,8.0,9.0,5.0,11.0,10.166666666666666,4.358898943540674,-0.25,1.4,10.0
Bodakdev,2025,5,10,2.5,0.2,0.2,0.4,0.1,0.0,0.2,0.3,6,10.1,0.49999999999999994,-0.8660254037844387,2,0,2,0,0,0,0,1,12.0,16.0,8.0,7.0,12.0,10.666666666666666,4.0,-0.16666666666666663,0.4285714285714286,7.0
Bopal,2023,1,6,2.0,0.0,0.16666666666666666,0.16666666666666666,0.3333333333333333,0.3333333333333333,0.16666666666666666,0.3333333333333333,6,16.333333333333332,0.49999999999999994,0.8660254037844387,1,1,2,0,0,0,0,1,5.142857142857143,5.0,4.730769230769231,4.411764705882353,4.982142857142857,4.702380952380953,0.0,0.259750566893424,0.3602941176470588,3.0
Bopal,2023,2,3,3.3333333333333335,0.6666666666666666,0.0,0.3333333333333333,0.3333333333333333,0.0,0.3333333333333333,0.3333333333333333,3,12.0,0.8660254037844386,0.5000000000000001,1,0,2,0,0,0,0,1,6.0,5.0,4.730769230769231,4.411764705882353,6.0,6.0,0.0,-0.5,0.3602941176470588,4.0
Bopal,2023,3,4,2.25,0.25,0.25,0.25,0.5,0.25,0.25,0.5,4,6.0,1.0,6.123233995736766e-17,1,1,2,0,0,0,0,1,3.0,6.0,4.730769230769231,4.411764705882353,4.5,4.5,2.1213203435596424,0.33333333333333326,0.3602941176470588,3.0
Bopal,2023,4,3,1.3333333333333333,0.0,0.0,0.6666666666666666,0.0,0.0,0.0,1.0,2,11.666666666666666,0.8660254037844387,-0.4999999999999998,2,0,2,0,0,0,0,1,4.0,3.0,6.0,4.411764705882353,4.333333333333333,4.333333333333333,1.5275252316519465,-0.25,0.3602941176470588,4.0
Bopal,2023,5,4,2.25,0.25,0.25,0.5,0.25,0.0,0.5,0.0,2,7.5,0.49999999999999994,-0.8660254037844387,2,0,2,0,0,0,0,1,3.0,4.0,3.0,4.411764705882353,3.3333333333333335,4.0,0.5773502691896248,0.33333333333333326,0.3602941176470588,4.0
Bopal,2023,7,4,3.0,0.25,0.5,0.25,0.25,0.0,0.75,0.25,4,9.5,-0.4999999999999997,-0.8660254037844388,3,0,2,0,0,0,0,1,4.0,3.0,4.0,4.411764705882353,3.6666666666666665,4.0,0.5773502691896251,0.0,0.3602941176470588,4.0
Bopal,2023,8,4,2.0,0.0,0.25,0.5,0.0,0.0,0.25,0.5,4,9.5,-0.8660254037844385,-0.5000000000000004,3,0,2,0,0,0,0,1,4.0,4.0,3.0,4.411764705882353,3.6666666666666665,4.0,0.5773502691896251,0.0,0.3602941176470588,2.0
Bopal,2023,9,2,2.0,0.0,0.5,1.0,0.5,0.0,0.5,0.0,2,22.5,-1.0,-1.8369701987210297e-16,3,0,2,0,0,0,0,1,4.0,4.0,4.0,4.411764705882353,4.0,3.6666666666666665,0.0,-0.5,0.3602941176470588,8.0
Bopal,2023,10,8,1.875,0.0,0.375,0.5,0.5,0.0,0.0,0.625,6,8.875,-0.8660254037844386,0.5000000000000001,4,1,2,0,0,0,0,1,2.0,4.0,4.0,4.411764705882353,3.3333333333333335,3.5,1.1547005383792517,3.0,0.3602941176470588,8.0
Bopal,2023,11,8,2.0,0.125,0.125,0.375,0.0,0.125,0.125,0.875,5,15.25,-0.5000000000000004,0.8660254037844384,4,1,2,0,0,0,0,1,8.0,2.0,4.0,4.411764705882353,4.666666666666667,4.166666666666667,3.055050463303893,0.0,0.3602941176470588,2.0
Bopal,2023,12,2,1.0,0.0,0.0,0.0,0.0,0.0,0.0,1.0,1,15.5,-2.4492935982947064e-16,1.0,4,1,2,0,0,0,0,1,8.0,8.0,2.0,4.411764705882353,6.0,5.0,3.4641016151377544,-0.75,0.3602941176470588,6.0
Bopal,2024,1,6,2.5,0.16666666666666666,0.16666666666666666,0.3333333333333333,0.0,0.0,0.3333333333333333,0.5,5,13.166666666666666,0.49999999999999994,0.8660254037844387,1,1,2,0,0,0,0,1,2.0,8.0,8.0,4.411764705882353,6.0,4.666666666666667,3.4641016151377544,2.0,0.3602941176470588,4.0
Bopal,2024,2,4,1.5,0.0,0.0,0.25,0.25,0.0,0.25,0.25,3,9.5,0.8660254037844386,0.5000000000000001,1,0,2,0,0,0,0,1,6.0,2.0,8.0,6.0,5.333333333333333,5.0,3.0550504633038935,-0.33333333333333337,-0.33333333333333337,5.0
Bopal,2024,3,5,1.8,0.0,0.2,0.0,0.2,0.0,0.4,0.4,5,15.4,1.0,6.123233995736766e-17,1,1,2,0,0,0,0,1,4.0,6.0,2.0,3.0,4.0,5.0,2.0,0.25,0.6666666666666667,6.0
Bopal,2024,4,6,2.3333333333333335,0.0,0.5,0.3333333333333333,0.16666666666666666,0.0,0.3333333333333333,0.5,6,10.333333333333334,0.8660254037844387,-0.4999999999999998,2,0,2,0,0,0,0,1,5.0,4.0,6.0,4.0,5.0,5.5,1.0000000000000007,0.19999999999999996,0.5,4.0
Bopal,2024,5,4,2.25,0.0,0.5,0.25,0.0,0.0,0.0,0.5,3,14.5,0.49999999999999994,-0.8660254037844387,2,0,2,0,0,0,0,1,6.0,5.0,4.0,3.0,5.0,5.166666666666667,1.0000000000000007,-0.33333333333333337,0.33333333333333326,2.0
Bopal,2024,6,2,2.5,0.0,0.5,0.0,0.0,0.0,0.0,0.5,2,14.0,1.2246467991473532e-16,-1.0,2,0,2,0,0,0,0,1,4.0,6.0,5.0,4.0,5.0,4.5,1.0000000000000007,-0.5,-0.5,3.0
Bopal,2024,7,3,1.6666666666666667,0.0,0.3333333333333333,0.3333333333333333,0.0,0.0,0.0,0.3333333333333333,3,11.333333333333334,-0.4999999999999997,-0.8660254037844388,3,0,2,0,0,0,0,1,2.0,4.0,6.0,4.0,4.0,4.5,1.9999999999999993,0.5,-0.25,1.0
Bopal,2024,8,1,3.0,0.0,1.0,1.0,1.0,0.0,1.0,0.0,1,3.0,-0.8660254037844385,-0.5000000000000004,3,0,2,0,0,0,0,1,3.0,2.0,4.0,4.0,3.0,4.0,0.9999999999999969,-0.6666666666666667,-0.75,4.0
Bopal,2024,9,4,2.5,0.25,0.25,0.5,0.0,0.0,0.25,0.5,3,8.75,-1.0,-1.8369701987210297e-16,3,0,2,0,0,0,0,1,1.0,3.0,2.0,2.0,2.0,3.5,0.9999999999999951,3.0,1.0,4.0
Bopal,2024,10,4,2.75,0.25,0.5,0.25,0.0,0.0,0.0,0.75,3,10.75,-0.8660254037844386,0.5000000000000001,4,1,2,0,0,0,0,1,4.0,1.0,3.0,8.0,2.6666666666666665,3.3333333333333335,1.5275252316519443,0.0,-0.5,7.0
Bopal,2024,11,7,2.142857142857143,0.14285714285714285,0.0,0.2857142857142857,0.0,0.0,0.14285714285714285,0.2857142857142857,7,13.857142857142858,-0.5000000000000004,0.8660254037844384,4,1,2,0,0,0,0,1,4.0,4.0,1.0,8.0,3.0,3.0,1.7320508075688754,0.75,-0.125,3.0
Bopal,2024,12,3,2.6666666666666665,0.0,0.6666666666666666,0.3333333333333333,0.0,0.0,0.3333333333333333,0.3333333333333333,3,14.0,-2.4492935982947064e-16,1.0,4,1,2,0,0,0,0,1,7.0,4.0,4.0,2.0,5.0,3.5,1.7320508075688772,-0.5714285714285714,0.5,8.0
Bopal,2025,1,8,1.875,0.0,0.125,0.75,0.125,0.0,0.25,0.5,6,12.875,0.49999999999999994,0.8660254037844387,1,1,2,0,0,0,0,1,3.0,7.0,4.0,6.0,4.666666666666667,3.6666666666666665,2.081665999466133,1.6666666666666665,0.33333333333333326,8.0
Bopal,2025,2,8,2.0,0.0,0.25,0.5,0.125,0.0,0.0,0.75,5,10.5,0.8660254037844386,0.5000000000000001,1,0,2,0,0,0,0,1,8.0,3.0,7.0,4.0,6.0,4.5,2.6457513110645907,0.0,1.0,10.0
Bopal,2025,3,10,2.2,0.2,0.2,0.5,0.4,0.0,0.2,0.7,6,13.1,1.0,6.123233995736766e-17,1,1,2,0,0,0,0,1,8.0,8.0,3.0,5.0,6.333333333333333,5.666666666666667,2.886751345948129,0.25,1.0,12.0
Bopal,2025,4,12,2.0,0.08333333333333333,0.16666666666666666,0.16666666666666666,0.08333333333333333,0.0,0.16666666666666666,0.6666666666666666,9,14.666666666666666,0.8660254037844387,-0.4999999999999998,2,0,2,0,0,0,0,1,10.0,8.0,8.0,6.0,8.666666666666666,6.666666666666667,1.1547005383792517,0.19999999999999996,1.0,9.0
Bopal,2025,5,9,2.7777777777777777,0.2222222222222222,0.4444444444444444,0.2222222222222222,0.4444444444444444,0.0,0.2222222222222222,0.3333333333333333,7,15.222222222222221,0.49999999999999994,-0.8660254037844387,2,0,2,0,0,0,0,1,12.0,10.0,8.0,4.0,10.0,8.0,2.0,-0.25,1.25,4.0
Bopal,2025,6,4,2.5,0.5,0.0,0.0,0.25,0.0,0.25,0.5,4,17.75,1.2246467991473532e-16,-1.0,2,0,2,0,0,0,0,1,9.0,12.0,10.0,2.0,10.333333333333334,8.333333333333334,1.5275252316519472,-0.5555555555555556,1.0,1.0
Chandkheda,2023,1,12,2.25,0.08333333333333333,0.3333333333333333,0.4166666666666667,0.3333333333333333,0.0,0.08333333333333333,0.6666666666666666,7,11.5,0.49999999999999994,0.8660254037844387,1,1,5,0,0,1,0,0,9.724137931034482,9.714285714285714,9.444444444444445,9.333333333333334,9.666666666666666,9.485057471264367,0.0,0.11752763238564456,0.20398428731762067,4.0
Chandkheda,2023,2,4,2.0,0.0,0.25,0.0,0.0,0.0,0.0,0.5,4,17.25,0.8660254037844386,0.5000000000000001,1,0,5,0,0,1,0,0,12.0,9.714285714285714,9.444444444444445,9.333333333333334,12.0,12.0,0.0,-0.6666666666666667,0.20398428731762067,9.0
Chandkheda,2023,3,9,2.888888888888889,0.2222222222222222,0.4444444444444444,0.1111111111111111,0.2222222222222222,0.1111111111111111,0.2222222222222222,0.4444444444444444,8,13.555555555555555,1.0,6.123233995736766e-17,1,1,5,0,0,1,0,0,4.0,12.0,9.444444444444445,9.333333333333334,8.0,8.0,5.656854249492381,1.25,0.20398428731762067,9.0
Chandkheda,2023,4,9,2.2222222222222223,0.1111111111111111,0.3333333333333333,0.3333333333333333,0.5555555555555556,0.0,0.2222222222222222,0.4444444444444444,7,12.333333333333334,0.8660254037844387,-0.4999999999999998,2,0,5,0,0,1,0,0,9.0,4.0,12.0,9.333333333333334,8.333333333333334,8.333333333333334,4.041451884327381,0.0,0.20398428731762067,8.0
Chandkheda,2023,5,8,2.0,0.125,0.125,0.125,0.125,0.0,0.0,0.5,7,14.625,0.49999999999999994,-0.8660254037844387,2,0,5,0,0,1,0,0,9.0,9.0,4.0,9.333333333333334,7.333333333333333,8.5,2.886751345948129,-0.11111111111111116,0.20398428731762067,4.0
Chandkheda,2023,6,4,1.75,0.0,0.25,0.0,0.5,0.0,0.25,0.5,3,12.75,1.2246467991473532e-16,-1.0,2,0,5,0,0,1,0,0,8.0,9.0,9.0,9.333333333333334,8.666666666666666,8.4,0.5773502691896255,-0.5,0.20398428731762067,9.0
Chandkheda,2023,7,9,2.0,0.1111111111111111,0.1111111111111111,0.4444444444444444,0.2222222222222222,0.0,0.2222222222222222,0.3333333333333333,7,14.666666666666666,-0.4999999999999997,-0.8660254037844388,3,0,5,0,0,1,0,0,4.0,8.0,9.0,9.333333333333334,7.0,7.666666666666667,2.6457513110645907,1.25,0.20398428731762067,4.0
Chandkheda,2023,8,4,2.75,0.0,0.75,0.0,0.25,0.0,0.25,0.5,4,12.5,-0.8660254037844385,-0.5000000000000004,3,0,5,0,0,1,0,0,9.0,4.0,8.0,9.333333333333334,7.0,7.166666666666667,2.6457513110645907,-0.5555555555555556,0.20398428731762067,11.0
Chandkheda,2023,9,11,2.1818181818181817,0.18181818181818182,0.18181818181818182,0.09090909090909091,0.2727272727272727,0.0,0.18181818181818182,0.5454545454545454,8,17.363636363636363,-1.0,-1.8369701987210297e-16,3,0,5,0,0,1,0,0,4.0,9.0,4.0,9.333333333333334,5.666666666666667,7.166666666666667,2.886751345948129,1.75,0.20398428731762067,9.0
Chandkheda,2023,10,9,1.7777777777777777,0.1111111111111111,0.0,0.3333333333333333,0.4444444444444444,0.3333333333333333,0.3333333333333333,0.4444444444444444,6,11.666666666666666,-0.8660254037844386,0.5000000000000001,4,1,5,0,0,1,0,0,11.0,4.0,9.0,9.333333333333334,8.0,7.5,3.605551275463989,-0.18181818181818177,0.20398428731762067,12.0
Chandkheda,2023,11,12,2.75,0.16666666666666666,0.5,0.25,0.25,0.08333333333333333,0.5,0.08333333333333333,6,15.916666666666666,-0.5000000000000004,0.8660254037844384,4,1,5,0,0,1,0,0,9.0,11.0,4.0,9.333333333333334,8.0,7.5,3.605551275463989,0.33333333333333326,0.20398428731762067,10.0
Chandkheda,2023,12,10,2.2,0.0,0.4,0.3,0.3,0.0,0.1,0.6,6,10.6,-2.4492935982947064e-16,1.0,4,1,5,0,0,1,0,0,12.0,9.0,11.0,9.333333333333334,10.666666666666666,8.166666666666666,1.5275252316519468,-0.16666666666666663,0.20398428731762067,10.0
Chandkheda,2024,1,10,1.9,0.0,0.3,0.1,0.4,0.3,0.1,0.7,7,12.9,0.49999999999999994,0.8660254037844387,1,1,5,0,0,1,0,0,10.0,12.0,9.0,12.0,10.333333333333334,9.166666666666666,1.5275252316519468,0.0,-0.16666666666666663,10.0
Chandkheda,2024,2,10,2.3,0.2,0.2,0.4,0.2,0.0,0.2,0.4,7,10.3,0.8660254037844386,0.5000000000000001,1,0,5,0,0,1,0,0,10.0,10.0,12.0,4.0,10.666666666666666,9.333333333333334,1.1547005383792515,0.0,1.5,11.0
Chandkheda,2024,3,11,2.090909090909091,0.09090909090909091,0.18181818181818182,0.09090909090909091,0.36363636363636365,0.0,0.18181818181818182,0.7272727272727273,7,13.909090909090908,1.0,6.123233995736766e-17,1,1,5,0,0,1,0,0,10.0,10.0,10.0,9.0,10.0,10.333333333333334,0.0,0.10000000000000009,0.22222222222222232,18.0
Chandkheda,2024,4,18,2.611111111111111,0.2222222222222222,0.2777777777777778,0.5555555555555556,0.1111111111111111,0.0,0.3333333333333333,0.4444444444444444,9,12.833333333333334,0.8660254037844387,-0.4999999999999998,2,0,5,0,0,1,0,0,11.0,10.0,10.0,9.0,10.333333333333334,10.333333333333334,0.5773502691896255,0.6363636363636365,1.0,10.0
Chandkheda,2024,5,10,2.0,0.1,0.0,0.2,0.2,0.0,0.3,0.6,7,13.5,0.49999999999999994,-0.8660254037844387,2,0,5,0,0,1,0,0,18.0,11.0,10.0,8.0,13.0,11.833333333333334,4.358898943540674,-0.4444444444444444,0.25,8.0
Chandkheda,2024,6,8,2.375,0.125,0.375,0.375,0.25,0.0,0.5,0.125,6,15.625,1.2246467991473532e-16,-1.0,2,0,5,0,0,1,0,0,10.0,18.0,11.0,4.0,13.0,11.5,4.358898943540674,-0.19999999999999996,1.0,10.0
Chandkheda,2024,7,10,2.1,0.1,0.3,0.2,0.3,0.0,0.3,0.3,9,12.1,-0.4999999999999997,-0.8660254037844388,3,0,5,0,0,1,0,0,8.0,10.0,18.0,9.0,12.0,11.166666666666666,5.291502622129181,0.25,0.11111111111111116,4.0
Chandkheda,2024,8,4,3.0,0.25,0.5,0.0,0.25,0.0,0.0,0.75,2,13.75,-0.8660254037844385,-0.5000000000000004,3,0,5,0,0,1,0,0,10.0,8.0,10.0,4.0,9.333333333333334,11.166666666666666,1.1547005383792515,-0.6,0.0,6.0
Chandkheda,2024,9,6,2.8333333333333335,0.5,0.0,0.3333333333333333,0.16666666666666666,0.0,0.3333333333333333,0.3333333333333333,4,13.0,-1.0,-1.8369701987210297e-16,3,0,5,0,0,1,0,0,4.0,10.0,8.0,11.0,7.333333333333333,10.166666666666666,3.055050463303893,0.5,-0.4545454545454546,12.0
Chandkheda,2024,10,12,2.25,0.08333333333333333,0.25,0.3333333333333333,0.5,0.3333333333333333,0.25,0.5833333333333334,6,14.583333333333334,-0.8660254037844386,0.5000000000000001,4,1,5,0,0,1,0,0,6.0,4.0,10.0,9.0,6.666666666666667,9.333333333333334,3.055050463303893,1.0,0.33333333333333326,12.0
Chandkheda,2024,11,12,2.0833333333333335,0.0,0.3333333333333333,0.3333333333333333,0.4166666666666667,0.16666666666666666,0.25,0.3333333333333333,10,14.333333333333334,-0.5000000000000004,0.8660254037844384,4,1,5,0,0,1,0,0,12.0,6.0,4.0,12.0,7.333333333333333,8.333333333333334,4.163331998932265,0.0,0.0,11.0
Chandkheda,2024,12,11,2.1818181818181817,0.18181818181818182,0.09090909090909091,0.36363636363636365,0.5454545454545454,0.09090909090909091,0.45454545454545453,0.45454545454545453,9,12.636363636363637,-2.4492935982947064e-16,1.0,4,1,5,0,0,1,0,0,12.0,12.0,6.0,10.0,10.0,8.666666666666666,3.464101615137754,-0.08333333333333337,0.10000000000000009,11.0
Chandkheda,2025,1,11,2.4545454545454546,0.18181818181818182,0.18181818181818182,0.2727272727272727,0.18181818181818182,0.0,0.2727272727272727,0.18181818181818182,7,13.181818181818182,0.49999999999999994,0.8660254037844387,1,1,5,0,0,1,0,0,11.0,12.0,12.0,10.0,11.666666666666666,9.166666666666666,0.5773502691896255,0.0,0.10000000000000009,8.0
Chandkheda,2025,2,8,2.5,0.125,0.375,0.375,0.25,0.0,0.25,0.375,7,10.0,0.8660254037844386,0.5000000000000001,1,0,5,0,0,1,0,0,11.0,11.0,12.0,10.0,11.333333333333334,9.333333333333334,0.5773502691896255,-0.2727272727272727,-0.19999999999999996,13.0
Chandkheda,2025,3,13,2.076923076923077,0.07692307692307693,0.15384615384615385,0.23076923076923078,0.6923076923076923,0.0,0.23076923076923078,0.5384615384615384,10,10.461538461538462,1.0,6.123233995736766e-17,1,1,5,0,0,1,0,0,8.0,11.0,11.0,11.0,10.0,10.0,1.7320508075688772,0.625,0.18181818181818188,17.0
Chandkheda,2025,4,17,2.235294117647059,0.058823529411764705,0.4117647058823529,0.23529411764705882,0.29411764705882354,0.0,0.23529411764705882,0.5294117647058824,9,11.058823529411764,0.8660254037844387,-0.4999999999999998,2,0,5,0,0,1,0,0,13.0,8.0,11.0,18.0,10.666666666666666,11.166666666666666,2.5166114784235836,0.3076923076923077,-0.05555555555555558,10.0
Chandkheda,2025,5,10,2.2,0.2,0.1,0.5,0.4,0.0,0.2,0.3,8,9.7,0.49999999999999994,-0.8660254037844387,2,0,5,0,0,1,0,0,17.0,13.0,8.0,10.0,12.666666666666666,12.0,4.509249752822894,-0.4117647058823529,0.0,6.0
Chandkheda,2025,6,6,3.0,0.3333333333333333,0.3333333333333333,0.3333333333333333,0.3333333333333333,0.0,0.5,0.0,5,14.333333333333334,1.2246467991473532e-16,-1.0,2,0,5,0,0,1,0,0,10.0,17.0,13.0,8.0,13.333333333333334,11.666666666666666,3.511884584284247,-0.4,-0.25,1.0
Dariapur,2023,1,21,2.0952380952380953,0.047619047619047616,0.3333333333333333,0.19047619047619047,0.42857142857142855,0.14285714285714285,0.09523809523809523,0.5714285714285714,11,12.380952380952381,0.49999999999999994,0.8660254037844387,1,1,8,1,0,0,0,0,17.35483870967742,17.866666666666667,18.06896551724138,16.4,17.86559139784946,17.968279569892474,0.0,0.03194281195130092,0.036299840510366846,22.0
Dariapur,2023,2,22,2.3181818181818183,0.13636363636363635,0.22727272727272727,0.18181818181818182,0.3181818181818182,0.0,0.22727272727272727,0.2727272727272727,11,13.909090909090908,0.8660254037844386,0.5000000000000001,1,0,8,1,0,0,0,0,21.0,17.866666666666667,18.06896551724138,16.4,21.0,21.0,0.0,0.04761904761904767,0.036299840510366846,18.0
Dariapur,2023,3,18,2.2777777777777777,0.1111111111111111,0.3888888888888889,0.4444444444444444,0.3333333333333333,0.0,0.2777777777777778,0.3333333333333333,10,12.88888888888889,1.0,6.123233995736766e-17,1,1,8,1,0,0,0,0,22.0,21.0,18.06896551724138,16.4,21.5,21.5,0.7071067811865476,-0.18181818181818177,0.036299840510366846,14.0
Dariapur,2023,4,14,1.7857142857142858,0.07142857142857142,0.14285714285714285,0.07142857142857142,0.35714285714285715,0.0,0.07142857142857142,0.5714285714285714,9,15.071428571428571,0.8660254037844387,-0.4999999999999998,2,0,8,1,0,0,0,0,18.0,22.0,21.0,16.4,20.333333333333332,20.333333333333332,2.081665999466132,-0.2222222222222222,0.036299840510366846,18.0
Dariapur,2023,5,18,2.5,0.16666666666666666,0.3888888888888889,0.3333333333333333,0.2777777777777778,0.0,0.2777777777777778,0.4444444444444444,9,11.38888888888889,0.49999999999999994,-0.8660254037844387,2,0,8,1,0,0,0,0,14.0,18.0,22.0,16.4,18.0,18.75,3.9999999999999996,0.2857142857142858,0.036299840510366846,7.0
Dariapur,2023,6,7,2.4285714285714284,0.2857142857142857,0.14285714285714285,0.0,0.42857142857142855,0.0,0.2857142857142857,0.5714285714285714,6,14.857142857142858,1.2246467991473532e-16,-1.0,2,0,8,1,0,0,0,0,18.0,14.0,18.0,16.4,16.666666666666668,18.6,2.309401076758502,-0.6111111111111112,0.036299840510366846,12.0
Dariapur,2023,7,12,2.0833333333333335,0.08333333333333333,0.25,0.16666666666666666,0.25,0.0,0.08333333333333333,0.3333333333333333,8,13.833333333333334,-0.4999999999999997,-0.8660254037844388,3,0,8,1,0,0,0,0,7.0,18.0,14.0,16.4,13.0,16.666666666666668,5.5677643628300215,0.7142857142857142,0.036299840510366846,12.0
Dariapur,2023,8,12,2.0,0.08333333333333333,0.25,0.08333333333333333,0.08333333333333333,0.0,0.16666666666666666,0.16666666666666666,8,12.25,-0.8660254037844385,-0.5000000000000004,3,0,8,1,0,0,0,0,12.0,7.0,18.0,16.4,12.333333333333334,15.166666666666666,5.507570547286101,0.0,0.036299840510366846,15.0
Dariapur,2023,9,15,2.4,0.2,0.3333333333333333,0.2,0.26666666666666666,0.0,0.2,0.5333333333333333,10,14.333333333333334,-1.0,-1.8369701987210297e-16,3,0,8,1,0,0,0,0,12.0,12.0,7.0,16.4,10.333333333333334,13.5,2.886751345948128,0.25,0.036299840510366846,30.0
Dariapur,2023,10,30,2.1333333333333333,0.06666666666666667,0.3,0.23333333333333334,0.3,0.43333333333333335,0.23333333333333334,0.5,13,11.9,-0.8660254037844386,0.5000000000000001,4,1,8,1,0,0,0,0,15.0,12.0,12.0,16.4,13.0,13.0,1.7320508075688772,1.0,0.036299840510366846,16.0
Dariapur,2023,11,16,2.3125,0.1875,0.1875,0.125,0.125,0.125,0.0625,0.5625,9,13.3125,-0.5000000000000004,0.8660254037844384,4,1,8,1,0,0,0,0,30.0,15.0,12.0,16.4,19.0,15.666666666666666,9.643650760992955,-0.4666666666666667,0.036299840510366846,16.0
Dariapur,2023,12,16,2.125,0.125,0.25,0.3125,0.25,0.125,0.25,0.5625,11,11.8125,-2.4492935982947064e-16,1.0,4,1,8,1,0,0,0,0,16.0,30.0,15.0,16.4,20.333333333333332,15.333333333333334,8.386497083606082,0.0,0.036299840510366846,22.0
Dariapur,2024,1,22,2.5,0.18181818181818182,0.22727272727272727,0.45454545454545453,0.22727272727272727,0.045454545454545456,0.22727272727272727,0.36363636363636365,12,14.681818181818182,0.49999999999999994,0.8660254037844387,1,1,8,1,0,0,0,0,16.0,16.0,30.0,21.0,20.666666666666668,16.833333333333332,8.082903768654761,0.375,0.04761904761904767,11.0
Dariapur,2024,2,11,2.5454545454545454,0.09090909090909091,0.45454545454545453,0.2727272727272727,0.2727272727272727,0.0,0.36363636363636365,0.45454545454545453,9,11.818181818181818,0.8660254037844386,0.5000000000000001,1,0,8,1,0,0,0,0,22.0,16.0,16.0,22.0,18.0,18.5,3.4641016151377544,-0.5,-0.5,19.0
Dariapur,2024,3,19,2.3684210526315788,0.15789473684210525,0.21052631578947367,0.3157894736842105,0.47368421052631576,0.0,0.3684210526315789,0.42105263157894735,12,12.421052631578947,1.0,6.123233995736766e-17,1,1,8,1,0,0,0,0,11.0,22.0,16.0,18.0,16.333333333333332,18.333333333333332,5.507570547286101,0.7272727272727273,0.05555555555555558,18.0
Dariapur,2024,4,18,2.0,0.05555555555555555,0.2777777777777778,0.2222222222222222,0.3888888888888889,0.0,0.1111111111111111,0.3888888888888889,9,14.166666666666666,0.8660254037844387,-0.4999999999999998,2,0,8,1,0,0,0,0,19.0,11.0,22.0,14.0,17.333333333333332,19.0,5.686240703077327,-0.052631578947368474,0.2857142857142858,22.0
Dariapur,2024,5,22,2.3181818181818183,0.22727272727272727,0.2727272727272727,0.2727272727272727,0.2727272727272727,0.0,0.36363636363636365,0.3181818181818182,10,13.454545454545455,0.49999999999999994,-0.8660254037844387,2,0,8,1,0,0,0,0,18.0,19.0,11.0,18.0,16.0,17.0,4.358898943540672,0.22222222222222232,0.22222222222222232,10.0
Dariapur,2024,6,10,2.4,0.1,0.4,0.2,0.4,0.0,0.2,0.5,8,13.4,1.2246467991473532e-16,-1.0,2,0,8,1,0,0,0,0,22.0,18.0,19.0,7.0,19.666666666666668,18.0,2.0816659994661357,-0.5454545454545454,0.4285714285714286,11.0
Dariapur,2024,7,11,2.1818181818181817,0.09090909090909091,0.2727272727272727,0.2727272727272727,0.09090909090909091,0.0,0.2727272727272727,0.5454545454545454,9,11.363636363636363,-0.4999999999999997,-0.8660254037844388,3,0,8,1,0,0,0,0,10.0,22.0,18.0,12.0,16.666666666666668,17.0,6.110100926607786,0.10000000000000009,-0.08333333333333337,14.0
Dariapur,2024,8,14,2.7142857142857144,0.21428571428571427,0.42857142857142855,0.14285714285714285,0.2857142857142857,0.0,0.42857142857142855,0.21428571428571427,9,16.642857142857142,-0.8660254037844385,-0.5000000000000004,3,0,8,1,0,0,0,0,11.0,10.0,22.0,12.0,14.333333333333334,15.166666666666666,6.658328118479391,0.2727272727272727,0.16666666666666674,18.0
Dariapur,2024,9,18,2.3333333333333335,0.1111111111111111,0.3333333333333333,0.3333333333333333,0.3333333333333333,0.0,0.1111111111111111,0.4444444444444444,9,16.27777777777778,-1.0,-1.8369701987210297e-16,3,0,8,1,0,0,0,0,14.0,11.0,10.0,15.0,11.666666666666666,15.666666666666666,2.081665999466121,0.2857142857142858,0.19999999999999996,26.0
Dariapur,2024,10,26,2.3076923076923075,0.11538461538461539,0.3076923076923077,0.23076923076923078,0.2692307692307692,0.3076923076923077,0.19230769230769232,0.5384615384615384,13,13.153846153846153,-0.8660254037844386,0.5000000000000001,4,1,8,1,0,0,0,0,18.0,14.0,11.0,30.0,14.333333333333334,15.5,3.511884584284242,0.4444444444444444,-0.1333333333333333,22.0
Dariapur,2024,11,22,2.5454545454545454,0.18181818181818182,0.4090909090909091,0.5,0.18181818181818182,0.09090909090909091,0.36363636363636365,0.45454545454545453,11,13.409090909090908,-0.5000000000000004,0.8660254037844384,4,1,8,1,0,0,0,0,26.0,18.0,14.0,16.0,19.333333333333332,16.833333333333332,6.110100926607787,-0.15384615384615385,0.375,22.0
Dariapur,2024,12,22,2.227272727272727,0.13636363636363635,0.22727272727272727,0.22727272727272727,0.3181818181818182,0.045454545454545456,0.2727272727272727,0.5,12,13.0,-2.4492935982947064e-16,1.0,4,1,8,1,0,0,0,0,22.0,26.0,18.0,16.0,22.0,16.833333333333332,4.000000000000001,0.0,0.375,27.0
Dariapur,2025,1,27,2.3703703703703702,0.18518518518518517,0.25925925925925924,0.2962962962962963,0.2222222222222222,0.1111111111111111,0.18518518518518517,0.5185185185185185,12,12.666666666666666,0.49999999999999994,0.8660254037844387,1,1,8,1,0,0,0,0,22.0,22.0,26.0,22.0,23.333333333333332,18.833333333333332,2.3094010767585043,0.2272727272727273,0.2272727272727273,12.0
Dariapur,2025,2,12,2.6666666666666665,0.16666666666666666,0.4166666666666667,0.16666666666666666,0.16666666666666666,0.0,0.5,0.25,10,15.5,0.8660254037844386,0.5000000000000001,1,0,8,1,0,0,0,0,27.0,22.0,22.0,11.0,23.666666666666668,21.5,2.886751345948128,-0.5555555555555556,0.09090909090909083,26.0
Dariapur,2025,3,26,1.9615384615384615,0.07692307692307693,0.23076923076923078,0.46153846153846156,0.38461538461538464,0.038461538461538464,0.15384615384615385,0.6538461538461539,10,9.653846153846153,1.0,6.123233995736766e-17,1,1,8,1,0,0,0,0,12.0,27.0,22.0,19.0,20.333333333333332,21.166666666666668,7.6376261582597325,1.1666666666666665,0.368421052631579,19.0
Dariapur,2025,4,19,2.263157894736842,0.10526315789473684,0.21052631578947367,0.2631578947368421,0.2631578947368421,0.0,0.3157894736842105,0.2631578947368421,10,11.0,0.8660254037844387,-0.4999999999999998,2,0,8,1,0,0,0,0,26.0,12.0,27.0,18.0,21.666666666666668,22.5,8.386497083606082,-0.2692307692307693,0.05555555555555558,24.0
Dariapur,2025,5,24,1.9583333333333333,0.041666666666666664,0.2916666666666667,0.2916666666666667,0.25,0.0,0.16666666666666666,0.5416666666666666,11,10.25,0.49999999999999994,-0.8660254037844387,2,0,8,1,0,0,0,0,19.0,26.0,12.0,22.0,19.0,21.333333333333332,6.999999999999999,0.26315789473684204,0.09090909090909083,12.0
Dariapur,2025,6,12,2.75,0.16666666666666666,0.5,0.3333333333333333,0.5,0.0,0.3333333333333333,0.3333333333333333,8,10.5,1.2246467991473532e-16,-1.0,2,0,8,1,0,0,0,0,24.0,19.0,26.0,10.0,23.0,21.666666666666668,3.6055512754639873,-0.5,0.19999999999999996,2.0
Dariapur,2025,7,2,2.5,0.5,0.0,0.5,0.0,0.0,0.5,0.5,2,11.5,-0.4999999999999997,-0.8660254037844388,3,0,8,1,0,0,0,0,12.0,24.0,19.0,11.0,18.333333333333332,20.0,6.0277137733417065,-0.8333333333333334,-0.8181818181818181,1.0
Dariapur,2025,8,1,2.0,0.0,0.0,0.0,1.0,0.0,0.0,1.0,1,5.0,-0.8660254037844385,-0.5000000000000004,3,0,8,1,0,0,0,0,2.0,12.0,24.0,14.0,12.666666666666666,15.833333333333334,11.015141094572202,-0.5,-0.9285714285714286,1.0
Ellis Bridge,2023,1,13,2.230769230769231,0.15384615384615385,0.15384615384615385,0.3076923076923077,0.38461538461538464,0.3076923076923077,0.3076923076923077,0.38461538461538464,10,12.76923076923077,0.49999999999999994,0.8660254037844387,1,1,4,1,0,0,0,0,9.1,9.10344827586207,8.821428571428571,7.578947368421052,9.11111111111111,8.844444444444445,0.0,0.1116958219512399,0.3643902880744986,7.0
Ellis Bridge,2023,2,7,2.857142857142857,0.2857142857142857,0.42857142857142855,0.2857142857142857,0.42857142857142855,0.0,0.5714285714285714,0.42857142857142855,6,11.714285714285714,0.8660254037844386,0.5000000000000001,1,0,4,1,0,0,0,0,13.0,9.10344827586207,8.821428571428571,7.578947368421052,13.0,13.0,0.0,-0.46153846153846156,0.3643902880744986,10.0
Ellis Bridge,2023,3,10,2.4,0.2,0.2,0.4,0.4,0.1,0.3,0.3,7,7.0,1.0,6.123233995736766e-17,1,1,4,1,0,0,0,0,7.0,13.0,8.821428571428571,7.578947368421052,10.0,10.0,4.242640687119285,0.4285714285714286,0.3643902880744986,10.0
Ellis Bridge,2023,4,10,2.2,0.2,0.1,0.3,0.1,0.0,0.2,0.4,7,10.7,0.8660254037844387,-0.4999999999999998,2,0,4,1,0,0,0,0,10.0,7.0,13.0,7.578947368421052,10.0,10.0,3.0,0.0,0.3643902880744986,5.0
Ellis Bridge,2023,5,5,2.2,0.2,0.2,0.2,0.2,0.0,0.2,0.6,4,11.6,0.49999999999999994,-0.8660254037844387,2,0,4,1,0,0,0,0,10.0,10.0,7.0,7.578947368421052,9.0,10.0,1.7320508075688772,-0.5,0.3643902880744986,5.0
Ellis Bridge,2023,6,5,3.0,0.4,0.2,0.4,0.2,0.0,0.6,0.2,4,10.6,1.2246467991473532e-16,-1.0,2,0,4,1,0,0,0,0,5.0,10.0,10.0,7.578947368421052,8.333333333333334,9.0,2.886751345948129,0.0,0.3643902880744986,3.0
Ellis Bridge,2023,7,3,2.3333333333333335,0.0,0.3333333333333333,0.3333333333333333,0.6666666666666666,0.0,0.0,1.0,3,8.666666666666666,-0.4999999999999997,-0.8660254037844388,3,0,4,1,0,0,0,0,5.0,5.0,10.0,7.578947368421052,6.666666666666667,8.333333333333334,2.8867513459481295,-0.4,0.3643902880744986,4.0
Ellis Bridge,2023,8,4,2.25,0.25,0.0,0.5,0.25,0.0,0.25,0.75,3,6.75,-0.8660254037844385,-0.5000000000000004,3,0,4,1,0,0,0,0,3.0,5.0,5.0,7.578947368421052,4.333333333333333,6.666666666666667,1.1547005383792515,0.33333333333333326,0.3643902880744986,8.0
Ellis Bridge,2023,9,8,2.375,0.125,0.5,0.125,0.125,0.0,0.5,0.5,5,11.75,-1.0,-1.8369701987210297e-16,3,0,4,1,0,0,0,0,4.0,3.0,5.0,7.578947368421052,4.0,6.166666666666667,0.9999999999999997,1.0,0.3643902880744986,8.0
Ellis Bridge,2023,10,8,1.875,0.125,0.125,0.125,0.5,0.25,0.25,0.625,6,11.375,-0.8660254037844386,0.5000000000000001,4,1,4,1,0,0,0,0,8.0,4.0,3.0,7.578947368421052,5.0,5.833333333333333,2.6457513110645907,0.0,0.3643902880744986,8.0
Ellis Bridge,2023,11,8,2.5,0.375,0.125,0.125,0.375,0.125,0.375,0.375,7,13.875,-0.5000000000000004,0.8660254037844384,4,1,4,1,0,0,0,0,8.0,8.0,4.0,7.578947368421052,6.666666666666667,5.5,2.3094010767585047,0.0,0.3643902880744986,9.0
Ellis Bridge,2023,12,9,2.4444444444444446,0.2222222222222222,0.2222222222222222,0.3333333333333333,0.5555555555555556,0.1111111111111111,0.2222222222222222,0.3333333333333333,7,10.666666666666666,-2.4492935982947064e-16,1.0,4,1,4,1,0,0,0,0,8.0,8.0,8.0,7.578947368421052,8.0,6.0,0.0,0.125,0.3643902880744986,10.0
Ellis Bridge,2024,1,10,2.4,0.1,0.4,0.1,0.3,0.3,0.4,0.3,8,14.1,0.49999999999999994,0.8660254037844387,1,1,4,1,0,0,0,0,9.0,8.0,8.0,13.0,8.333333333333334,6.666666666666667,0.5773502691896255,0.11111111111111116,-0.23076923076923073,5.0
Ellis Bridge,2024,2,5,1.6,0.0,0.2,0.2,0.4,0.0,0.4,0.4,5,16.8,0.8660254037844386,0.5000000000000001,1,0,4,1,0,0,0,0,10.0,9.0,8.0,7.0,9.0,7.833333333333333,0.9999999999999998,-0.5,-0.2857142857142857,14.0
Ellis Bridge,2024,3,14,1.8571428571428572,0.07142857142857142,0.07142857142857142,0.14285714285714285,0.21428571428571427,0.14285714285714285,0.0,0.5714285714285714,10,11.5,1.0,6.123233995736766e-17,1,1,4,1,0,0,0,0,5.0,10.0,9.0,10.0,8.0,8.0,2.6457513110645907,1.7999999999999998,0.3999999999999999,8.0
Ellis Bridge,2024,4,8,2.5,0.125,0.5,0.25,0.25,0.0,0.5,0.25,7,10.25,0.8660254037844387,-0.4999999999999998,2,0,4,1,0,0,0,0,14.0,5.0,10.0,10.0,9.666666666666666,9.0,4.509249752822894,-0.4285714285714286,-0.19999999999999996,11.0
Ellis Bridge,2024,5,11,2.5454545454545454,0.18181818181818182,0.2727272727272727,0.18181818181818182,0.0,0.0,0.2727272727272727,0.45454545454545453,9,14.272727272727273,0.49999999999999994,-0.8660254037844387,2,0,4,1,0,0,0,0,8.0,14.0,5.0,5.0,9.0,9.0,4.582575694955841,0.375,1.2000000000000002,3.0
Ellis Bridge,2024,6,3,1.6666666666666667,0.0,0.0,0.3333333333333333,0.3333333333333333,0.0,0.0,0.0,2,17.333333333333332,1.2246467991473532e-16,-1.0,2,0,4,1,0,0,0,0,11.0,8.0,14.0,5.0,11.0,9.5,3.0000000000000004,-0.7272727272727273,-0.4,3.0
Ellis Bridge,2024,7,3,2.0,0.0,0.3333333333333333,0.3333333333333333,0.3333333333333333,0.0,0.0,0.6666666666666666,3,11.666666666666666,-0.4999999999999997,-0.8660254037844388,3,0,4,1,0,0,0,0,3.0,11.0,8.0,3.0,7.333333333333333,8.5,4.0414518843273814,0.0,0.0,8.0
Ellis Bridge,2024,8,8,2.5,0.0,0.625,0.5,0.0,0.0,0.375,0.25,6,9.5,-0.8660254037844385,-0.5000000000000004,3,0,4,1,0,0,0,0,3.0,3.0,11.0,4.0,5.666666666666667,7.333333333333333,4.618802153517007,1.6666666666666665,1.0,5.0
Ellis Bridge,2024,9,5,3.4,0.4,0.6,0.4,0.4,0.0,0.8,0.0,4,9.8,-1.0,-1.8369701987210297e-16,3,0,4,1,0,0,0,0,8.0,3.0,3.0,8.0,4.666666666666667,7.833333333333333,2.8867513459481287,-0.375,-0.375,14.0
Ellis Bridge,2024,10,14,2.9285714285714284,0.35714285714285715,0.2857142857142857,0.21428571428571427,0.35714285714285715,0.6428571428571429,0.14285714285714285,0.6428571428571429,7,13.071428571428571,-0.8660254037844386,0.5000000000000001,4,1,4,1,0,0,0,0,5.0,8.0,3.0,8.0,5.333333333333333,6.333333333333333,2.5166114784235827,1.7999999999999998,0.75,8.0
Ellis Bridge,2024,11,8,2.625,0.375,0.0,0.75,0.125,0.125,0.5,0.25,7,11.5,-0.5000000000000004,0.8660254037844384,4,1,4,1,0,0,0,0,14.0,5.0,8.0,8.0,9.0,7.333333333333333,4.58257569495584,-0.4285714285714286,0.0,10.0
Ellis Bridge,2024,12,10,2.6,0.1,0.4,0.3,0.1,0.1,0.1,0.4,8,12.1,-2.4492935982947064e-16,1.0,4,1,4,1,0,0,0,0,8.0,14.0,5.0,9.0,9.0,6.833333333333333,4.58257569495584,0.25,0.11111111111111116,13.0
Ellis Bridge,2025,1,13,3.0,0.38461538461538464,0.3076923076923077,0.15384615384615385,0.46153846153846156,0.15384615384615385,0.5384615384615384,0.15384615384615385,8,11.923076923076923,0.49999999999999994,0.8660254037844387,1,1,4,1,0,0,0,0,10.0,8.0,14.0,10.0,10.666666666666666,8.0,3.055050463303893,0.30000000000000004,0.30000000000000004,12.0
Ellis Bridge,2025,2,12,2.6666666666666665,0.16666666666666666,0.4166666666666667,0.25,0.3333333333333333,0.0,0.3333333333333333,0.16666666666666666,8,16.916666666666668,0.8660254037844386,0.5000000000000001,1,0,4,1,0,0,0,0,13.0,10.0,8.0,5.0,10.333333333333334,9.666666666666666,2.5166114784235822,-0.07692307692307687,1.4,14.0
Ellis Bridge,2025,3,14,2.7857142857142856,0.35714285714285715,0.21428571428571427,0.2857142857142857,0.2857142857142857,0.14285714285714285,0.21428571428571427,0.5714285714285714,10,11.785714285714286,1.0,6.123233995736766e-17,1,1,4,1,0,0,0,0,12.0,13.0,10.0,14.0,11.666666666666666,10.333333333333334,1.527525231651945,0.16666666666666674,0.0,19.0
Ellis Bridge,2025,4,19,2.4210526315789473,0.21052631578947367,0.15789473684210525,0.3684210526315789,0.3157894736842105,0.0,0.2631578947368421,0.631578947368421,10,12.578947368421053,0.8660254037844387,-0.4999999999999998,2,0,4,1,0,0,0,0,14.0,12.0,13.0,8.0,13.0,11.833333333333334,0.9999999999999978,0.3571428571428572,1.375,17.0
Ellis Bridge,2025,5,17,2.2941176470588234,0.11764705882352941,0.35294117647058826,0.23529411764705882,0.47058823529411764,0.0,0.11764705882352941,0.6470588235294118,9,12.647058823529411,0.49999999999999994,-0.8660254037844387,2,0,4,1,0,0,0,0,19.0,14.0,12.0,11.0,15.0,12.666666666666666,3.6055512754639887,-0.10526315789473684,0.5454545454545454,9.0
Ellis Bridge,2025,6,9,2.7777777777777777,0.1111111111111111,0.5555555555555556,0.3333333333333333,0.2222222222222222,0.0,0.4444444444444444,0.3333333333333333,8,10.0,1.2246467991473532e-16,-1.0,2,0,4,1,0,0,0,0,17.0,19.0,14.0,3.0,16.666666666666668,14.166666666666666,2.5166114784235827,-0.47058823529411764,2.0,1.0
Ellis Bridge,2025,8,1,4.0,1.0,0.0,0.0,0.0,0.0,0.0,0.0,1,9.0,-0.8660254037844385,-0.5000000000000004,3,0,4,1,0,0,0,0,9.0,17.0,19.0,3.0,15.0,14.0,5.2915026221291805,-0.8888888888888888,-0.6666666666666667,1.0
Gomtipur,2023,1,14,2.642857142857143,0.2857142857142857,0.21428571428571427,0.21428571428571427,0.42857142857142855,0.14285714285714285,0.21428571428571427,0.5,8,12.285714285714286,0.49999999999999994,0.8660254037844387,1,1,7,0,1,0,0,0,16.6,16.620689655172413,16.642857142857142,15.157894736842104,16.53333333333333,16.02,0.0,0.11847096885779748,0.21901341505595104,14.0
Gomtipur,2023,2,14,2.0,0.0,0.2857142857142857,0.2857142857142857,0.42857142857142855,0.0,0.21428571428571427,0.5,9,10.142857142857142,0.8660254037844386,0.5000000000000001,1,0,7,0,1,0,0,0,14.0,16.620689655172413,16.642857142857142,15.157894736842104,14.0,14.0,0.0,0.0,0.21901341505595104,20.0
Gomtipur,2023,3,20,2.4,0.15,0.2,0.15,0.2,0.0,0.3,0.5,9,12.55,1.0,6.123233995736766e-17,1,1,7,0,1,0,0,0,14.0,14.0,16.642857142857142,15.157894736842104,14.0,14.0,0.0,0.4285714285714286,0.21901341505595104,14.0
Gomtipur,2023,4,14,2.0714285714285716,0.14285714285714285,0.21428571428571427,0.14285714285714285,0.14285714285714285,0.0,0.2857142857142857,0.35714285714285715,8,14.071428571428571,0.8660254037844387,-0.4999999999999998,2,0,7,0,1,0,0,0,20.0,14.0,14.0,15.157894736842104,16.0,16.0,3.4641016151377544,-0.30000000000000004,0.21901341505595104,11.0
Gomtipur,2023,5,11,2.6363636363636362,0.2727272727272727,0.36363636363636365,0.2727272727272727,0.36363636363636365,0.0,0.36363636363636365,0.6363636363636364,7,13.818181818181818,0.49999999999999994,-0.8660254037844387,2,0,7,0,1,0,0,0,14.0,20.0,14.0,15.157894736842104,16.0,15.5,3.4641016151377544,-0.2142857142857143,0.21901341505595104,15.0
Gomtipur,2023,6,15,2.2666666666666666,0.2,0.2,0.26666666666666666,0.13333333333333333,0.0,0.2,0.6,9,11.6,1.2246467991473532e-16,-1.0,2,0,7,0,1,0,0,0,11.0,14.0,20.0,15.157894736842104,15.0,14.6,4.58257569495584,0.36363636363636354,0.21901341505595104,5.0
Gomtipur,2023,7,5,1.4,0.0,0.2,0.4,0.2,0.0,0.2,0.2,5,6.4,-0.4999999999999997,-0.8660254037844388,3,0,7,0,1,0,0,0,15.0,11.0,14.0,15.157894736842104,13.333333333333334,14.666666666666666,2.0816659994661326,-0.6666666666666667,0.21901341505595104,17.0
Gomtipur,2023,8,17,3.0,0.4117647058823529,0.23529411764705882,0.5294117647058824,0.5294117647058824,0.0,0.47058823529411764,0.4117647058823529,11,14.823529411764707,-0.8660254037844385,-0.5000000000000004,3,0,7,0,1,0,0,0,5.0,15.0,11.0,15.157894736842104,10.333333333333334,13.166666666666666,5.033222956847167,2.4,0.21901341505595104,9.0
Gomtipur,2023,9,9,2.7777777777777777,0.0,0.7777777777777778,0.4444444444444444,0.6666666666666666,0.0,0.3333333333333333,0.2222222222222222,5,10.666666666666666,-1.0,-1.8369701987210297e-16,3,0,7,0,1,0,0,0,17.0,5.0,15.0,15.157894736842104,12.333333333333334,13.666666666666666,6.429100507328637,-0.47058823529411764,0.21901341505595104,23.0
Gomtipur,2023,10,23,2.4782608695652173,0.17391304347826086,0.30434782608695654,0.21739130434782608,0.30434782608695654,0.30434782608695654,0.21739130434782608,0.4782608695652174,14,13.217391304347826,-0.8660254037844386,0.5000000000000001,4,1,7,0,1,0,0,0,9.0,17.0,5.0,15.157894736842104,10.333333333333334,11.833333333333334,6.110100926607787,1.5555555555555554,0.21901341505595104,15.0
Gomtipur,2023,11,15,2.066666666666667,0.13333333333333333,0.2,0.26666666666666666,0.4,0.06666666666666667,0.26666666666666666,0.6,9,13.866666666666667,-0.5000000000000004,0.8660254037844384,4,1,7,0,1,0,0,0,23.0,9.0,17.0,15.157894736842104,16.333333333333332,13.333333333333334,7.023769168568493,-0.34782608695652173,0.21901341505595104,17.0
Gomtipur,2023,12,17,2.1176470588235294,0.11764705882352941,0.17647058823529413,0.11764705882352941,0.47058823529411764,0.0,0.29411764705882354,0.6470588235294118,9,11.470588235294118,-2.4492935982947064e-16,1.0,4,1,7,0,1,0,0,0,15.0,23.0,9.0,15.157894736842104,15.666666666666666,14.0,7.023769168568493,0.1333333333333333,0.21901341505595104,22.0
Gomtipur,2024,1,22,2.6363636363636362,0.22727272727272727,0.3181818181818182,0.22727272727272727,0.4090909090909091,0.3181818181818182,0.45454545454545453,0.18181818181818182,12,11.727272727272727,0.49999999999999994,0.8660254037844387,1,1,7,0,1,0,0,0,17.0,15.0,23.0,14.0,18.333333333333332,14.333333333333334,4.163331998932267,0.2941176470588236,0.5714285714285714,10.0
Gomtipur,2024,2,10,2.3,0.1,0.3,0.4,0.4,0.0,0.4,0.4,8,12.8,0.8660254037844386,0.5000000000000001,1,0,7,0,1,0,0,0,22.0,17.0,15.0,14.0,18.0,17.166666666666668,3.6055512754639905,-0.5454545454545454,-0.2857142857142857,15.0
Gomtipur,2024,3,15,2.8,0.26666666666666666,0.4,0.3333333333333333,0.06666666666666667,0.06666666666666667,0.3333333333333333,0.4666666666666667,9,11.866666666666667,1.0,6.123233995736766e-17,1,1,7,0,1,0,0,0,10.0,22.0,17.0,20.0,16.333333333333332,16.0,6.027713773341708,0.5,-0.25,24.0
Gomtipur,2024,4,24,2.1666666666666665,0.125,0.20833333333333334,0.20833333333333334,0.25,0.0,0.20833333333333334,0.5,10,11.125,0.8660254037844387,-0.4999999999999998,2,0,7,0,1,0,0,0,15.0,10.0,22.0,14.0,15.666666666666666,17.0,6.027713773341708,0.6000000000000001,0.7142857142857142,15.0
Gomtipur,2024,5,15,2.2666666666666666,0.0,0.4,0.2,0.4666666666666667,0.0,0.13333333333333333,0.7333333333333333,8,13.466666666666667,0.49999999999999994,-0.8660254037844387,2,0,7,0,1,0,0,0,24.0,15.0,10.0,11.0,16.333333333333332,17.166666666666668,7.0945988845975885,-0.375,0.36363636363636354,15.0
Gomtipur,2024,6,15,2.6,0.2,0.3333333333333333,0.13333333333333333,0.26666666666666666,0.0,0.3333333333333333,0.4666666666666667,8,15.866666666666667,1.2246467991473532e-16,-1.0,2,0,7,0,1,0,0,0,15.0,24.0,15.0,15.0,18.0,17.166666666666668,5.196152422706633,0.0,0.0,13.0
Gomtipur,2024,7,13,2.1538461538461537,0.15384615384615385,0.3076923076923077,0.38461538461538464,0.15384615384615385,0.0,0.23076923076923078,0.3076923076923077,6,15.615384615384615,-0.4999999999999997,-0.8660254037844388,3,0,7,0,1,0,0,0,15.0,15.0,24.0,5.0,18.0,16.833333333333332,5.196152422706633,-0.1333333333333333,1.6,8.0
Gomtipur,2024,8,8,2.125,0.125,0.125,0.25,0.375,0.0,0.125,0.5,7,15.5,-0.8660254037844385,-0.5000000000000004,3,0,7,0,1,0,0,0,13.0,15.0,15.0,17.0,14.333333333333334,15.333333333333334,1.1547005383792517,-0.3846153846153846,-0.5294117647058824,11.0
Gomtipur,2024,9,11,2.272727272727273,0.18181818181818182,0.18181818181818182,0.36363636363636365,0.45454545454545453,0.0,0.18181818181818182,0.8181818181818182,5,11.454545454545455,-1.0,-1.8369701987210297e-16,3,0,7,0,1,0,0,0,8.0,13.0,15.0,9.0,12.0,15.0,3.605551275463989,0.375,0.22222222222222232,18.0
Gomtipur,2024,10,18,2.7777777777777777,0.2222222222222222,0.4444444444444444,0.2777777777777778,0.2777777777777778,0.2777777777777778,0.4444444444444444,0.3333333333333333,11,13.11111111111111,-0.8660254037844386,0.5000000000000001,4,1,7,0,1,0,0,0,11.0,8.0,13.0,23.0,10.666666666666666,14.333333333333334,2.5166114784235836,0.6363636363636365,-0.21739130434782605,14.0
Gomtipur,2024,11,14,2.4285714285714284,0.07142857142857142,0.35714285714285715,0.21428571428571427,0.35714285714285715,0.14285714285714285,0.21428571428571427,0.6428571428571429,6,14.0,-0.5000000000000004,0.8660254037844384,4,1,7,0,1,0,0,0,18.0,11.0,8.0,15.0,12.333333333333334,13.333333333333334,5.131601439446884,-0.2222222222222222,-0.06666666666666665,12.0
Gomtipur,2024,12,12,2.0833333333333335,0.08333333333333333,0.25,0.25,0.3333333333333333,0.0,0.08333333333333333,0.6666666666666666,8,11.666666666666666,-2.4492935982947064e-16,1.0,4,1,7,0,1,0,0,0,14.0,18.0,11.0,17.0,14.333333333333334,13.166666666666666,3.5118845842842457,-0.1428571428571429,-0.2941176470588235,28.0
Gomtipur,2025,1,28,2.5714285714285716,0.14285714285714285,0.42857142857142855,0.32142857142857145,0.10714285714285714,0.17857142857142858,0.35714285714285715,0.42857142857142855,11,14.357142857142858,0.49999999999999994,0.8660254037844387,1,1,7,0,1,0,0,0,12.0,14.0,18.0,22.0,14.666666666666666,12.666666666666666,3.055050463303892,1.3333333333333335,0.2727272727272727,24.0
Gomtipur,2025,2,24,2.1666666666666665,0.125,0.25,0.4166666666666667,0.25,0.0,0.20833333333333334,0.625,12,13.291666666666666,0.8660254037844386,0.5000000000000001,1,0,7,0,1,0,0,0,28.0,12.0,14.0,10.0,18.0,15.166666666666666,8.717797887081346,-0.1428571428571429,1.4,33.0
Gomtipur,2025,3,33,2.1515151515151514,0.15151515151515152,0.21212121212121213,0.2727272727272727,0.3333333333333333,0.09090909090909091,0.30303030303030304,0.42424242424242425,14,13.272727272727273,1.0,6.123233995736766e-17,1,1,7,0,1,0,0,0,24.0,28.0,12.0,15.0,21.333333333333332,17.833333333333332,8.32666399786453,0.375,1.2000000000000002,30.0
Gomtipur,2025,4,30,2.466666666666667,0.2,0.26666666666666666,0.23333333333333334,0.26666666666666666,0.0,0.3,0.6333333333333333,10,13.133333333333333,0.8660254037844387,-0.4999999999999998,2,0,7,0,1,0,0,0,33.0,24.0,28.0,24.0,28.333333333333332,21.5,4.509249752822893,-0.09090909090909094,0.25,16.0
Gomtipur,2025,5,16,2.625,0.25,0.3125,0.375,0.3125,0.0,0.3125,0.5625,10,8.75,0.49999999999999994,-0.8660254037844387,2,0,7,0,1,0,0,0,30.0,33.0,24.0,15.0,29.0,23.5,4.582575694955839,-0.4666666666666667,0.06666666666666665,16.0
Gomtipur,2025,6,16,2.1875,0.0625,0.25,0.375,0.1875,0.0,0.125,0.625,7,14.125,1.2246467991473532e-16,-1.0,2,0,7,0,1,0,0,0,16.0,30.0,33.0,15.0,26.333333333333332,23.833333333333332,9.073771725877465,0.0,0.06666666666666665,1.0
Gomtipur,2025,9,1,3.0,0.0,1.0,0.0,1.0,0.0,1.0,0.0,1,17.0,-1.0,-1.8369701987210297e-16,3,1,7,0,1,0,0,0,16.0,16.0,30.0,13.0,20.666666666666668,24.5,8.08290376865476,-0.9375,-0.9230769230769231,1.0
Gota,2023,1,8,2.25,0.125,0.25,0.25,0.125,0.125,0.125,0.625,5,11.0,0.49999999999999994,0.8660254037844387,1,1,3,0,0,1,0,0,6.678571428571429,6.555555555555555,6.346153846153846,6.0588235294117645,6.547619047619048,6.379761904761905,0.0,0.5391708489922775,0.7267485782191665,2.0
Gota,2023,2,2,2.5,0.0,0.5,0.5,0.0,0.0,0.0,1.0,2,7.0,0.8660254037844386,0.5000000000000001,1,0,3,0,0,1,0,0,8.0,6.555555555555555,6.346153846153846,6.0588235294117645,8.0,8.0,0.0,-0.75,0.7267485782191665,5.0
Gota,2023,3,5,2.2,0.2,0.0,0.2,0.2,0.0,0.2,0.4,5,13.2,1.0,6.123233995736766e-17,1,1,3,0,0,1,0,0,2.0,8.0,6.346153846153846,6.0588235294117645,5.0,5.0,4.242640687119285,1.5,0.7267485782191665,1.0
Gota,2023,4,1,1.0,0.0,0.0,0.0,0.0,0.0,0.0,1.0,1,15.0,0.8660254037844387,-0.4999999999999998,2,0,3,0,0,1,0,0,5.0,2.0,8.0,6.0588235294117645,5.0,5.0,3.0,-0.8,0.7267485782191665,8.0
Gota,2023,5,8,2.25,0.125,0.125,0.25,0.25,0.0,0.125,0.625,5,14.375,0.49999999999999994,-0.8660254037844387,2,0,3,0,0,1,0,0,1.0,5.0,2.0,6.0588235294117645,2.6666666666666665,4.0,2.0816659994661326,7.0,0.7267485782191665,5.0
Gota,2023,6,5,2.6,0.4,0.2,0.4,0.2,0.0,0.2,0.6,4,11.0,1.2246467991473532e-16,-1.0,2,0,3,0,0,1,0,0,8.0,1.0,5.0,6.0588235294117645,4.666666666666667,4.8,3.511884584284246,-0.375,0.7267485782191665,5.0
Gota,2023,7,5,2.2,0.0,0.2,0.2,0.6,0.0,0.2,0.6,4,13.0,-0.4999999999999997,-0.8660254037844388,3,0,3,0,0,1,0,0,5.0,8.0,1.0,6.0588235294117645,4.666666666666667,4.833333333333333,3.511884584284246,0.0,0.7267485782191665,6.0
Gota,2023,8,6,3.3333333333333335,0.6666666666666666,0.16666666666666666,0.5,0.3333333333333333,0.0,0.5,0.16666666666666666,5,14.833333333333334,-0.8660254037844385,-0.5000000000000004,3,0,3,0,0,1,0,0,5.0,5.0,8.0,6.0588235294117645,6.0,4.333333333333333,1.7320508075688767,0.19999999999999996,0.7267485782191665,7.0
Gota,2023,9,7,2.4285714285714284,0.2857142857142857,0.14285714285714285,0.42857142857142855,0.2857142857142857,0.0,0.42857142857142855,0.42857142857142855,6,12.571428571428571,-1.0,-1.8369701987210297e-16,3,0,3,0,0,1,0,0,6.0,5.0,5.0,6.0588235294117645,5.333333333333333,5.0,0.5773502691896258,0.16666666666666674,0.7267485782191665,11.0
Gota,2023,10,11,2.3636363636363638,0.09090909090909091,0.2727272727272727,0.45454545454545453,0.2727272727272727,0.18181818181818182,0.18181818181818182,0.45454545454545453,5,13.090909090909092,-0.8660254037844386,0.5000000000000001,4,1,3,0,0,1,0,0,7.0,6.0,5.0,6.0588235294117645,6.0,5.333333333333333,1.0,0.5714285714285714,0.7267485782191665,9.0
Gota,2023,11,9,2.3333333333333335,0.2222222222222222,0.1111111111111111,0.1111111111111111,0.0,0.0,0.0,0.5555555555555556,8,14.666666666666666,-0.5000000000000004,0.8660254037844384,4,1,3,0,0,1,0,0,11.0,7.0,6.0,6.0588235294117645,8.0,7.0,2.6457513110645907,-0.18181818181818177,0.7267485782191665,8.0
Gota,2023,12,8,2.375,0.25,0.25,0.125,0.25,0.0,0.25,0.5,7,12.875,-2.4492935982947064e-16,1.0,4,1,3,0,0,1,0,0,9.0,11.0,7.0,6.0588235294117645,9.0,7.166666666666667,2.0,-0.11111111111111116,0.7267485782191665,6.0
Gota,2024,1,6,2.6666666666666665,0.16666666666666666,0.3333333333333333,0.0,0.0,0.16666666666666666,0.3333333333333333,0.6666666666666666,4,17.0,0.49999999999999994,0.8660254037844387,1,1,3,0,0,1,0,0,8.0,9.0,11.0,8.0,9.333333333333334,7.666666666666667,1.5275252316519468,-0.25,-0.25,1.0
Gota,2024,2,1,1.0,0.0,0.0,0.0,0.0,0.0,0.0,0.0,1,12.0,0.8660254037844386,0.5000000000000001,1,0,3,0,0,1,0,0,6.0,8.0,9.0,2.0,7.666666666666667,7.833333333333333,1.5275252316519472,-0.8333333333333334,-0.5,7.0
Gota,2024,3,7,2.4285714285714284,0.2857142857142857,0.14285714285714285,0.42857142857142855,0.0,0.0,0.2857142857142857,0.7142857142857143,5,12.571428571428571,1.0,6.123233995736766e-17,1,1,3,0,0,1,0,0,1.0,6.0,8.0,5.0,5.0,7.0,3.6055512754639896,6.0,0.3999999999999999,5.0
Gota,2024,4,5,2.0,0.0,0.2,0.6,0.4,0.0,0.4,0.6,5,8.8,0.8660254037844387,-0.4999999999999998,2,0,3,0,0,1,0,0,7.0,1.0,6.0,1.0,4.666666666666667,7.0,3.214550253664319,-0.2857142857142857,4.0,9.0
Gota,2024,5,9,2.2222222222222223,0.0,0.4444444444444444,0.2222222222222222,0.4444444444444444,0.0,0.2222222222222222,0.4444444444444444,5,12.555555555555555,0.49999999999999994,-0.8660254037844387,2,0,3,0,0,1,0,0,5.0,7.0,1.0,8.0,4.333333333333333,6.0,3.055050463303894,0.8,0.125,5.0
Gota,2024,6,5,1.8,0.0,0.2,0.4,0.4,0.0,0.2,0.8,4,19.2,1.2246467991473532e-16,-1.0,2,0,3,0,0,1,0,0,9.0,5.0,7.0,5.0,7.0,6.0,2.0000000000000013,-0.4444444444444444,0.0,5.0
Gota,2024,7,5,2.2,0.0,0.2,0.2,0.0,0.0,0.4,0.2,5,14.6,-0.4999999999999997,-0.8660254037844388,3,0,3,0,0,1,0,0,5.0,9.0,5.0,5.0,6.333333333333333,5.5,2.3094010767585043,0.0,0.0,7.0
Gota,2024,8,7,1.8571428571428572,0.14285714285714285,0.14285714285714285,0.14285714285714285,0.42857142857142855,0.0,0.42857142857142855,0.42857142857142855,6,12.0,-0.8660254037844385,-0.5000000000000004,3,0,3,0,0,1,0,0,5.0,5.0,9.0,6.0,6.333333333333333,5.333333333333333,2.3094010767585043,0.3999999999999999,0.16666666666666674,3.0
Gota,2024,9,3,2.3333333333333335,0.0,0.3333333333333333,0.3333333333333333,0.0,0.0,0.6666666666666666,0.3333333333333333,3,10.333333333333334,-1.0,-1.8369701987210297e-16,3,0,3,0,0,1,0,0,7.0,5.0,5.0,7.0,5.666666666666667,6.333333333333333,1.1547005383792515,-0.5714285714285714,-0.5714285714285714,10.0
Gota,2024,10,10,2.5,0.2,0.2,0.6,0.1,0.1,0.3,0.1,8,11.5,-0.8660254037844386,0.5000000000000001,4,1,3,0,0,1,0,0,3.0,7.0,5.0,11.0,5.0,5.666666666666667,1.9999999999999998,2.3333333333333335,-0.09090909090909094,13.0
Gota,2024,11,13,2.0,0.0,0.3076923076923077,0.3076923076923077,0.46153846153846156,0.15384615384615385,0.3076923076923077,0.46153846153846156,10,14.384615384615385,-0.5000000000000004,0.8660254037844384,4,1,3,0,0,1,0,0,10.0,3.0,7.0,9.0,6.666666666666667,6.5,3.511884584284246,0.30000000000000004,0.4444444444444444,6.0
Gota,2024,12,6,1.8333333333333333,0.0,0.16666666666666666,0.0,0.16666666666666666,0.0,0.0,0.3333333333333333,5,15.5,-2.4492935982947064e-16,1.0,4,1,3,0,0,1,0,0,13.0,10.0,3.0,8.0,8.666666666666666,7.166666666666667,5.131601439446884,-0.5384615384615384,-0.25,5.0
Gota,2025,1,5,2.8,0.4,0.2,0.0,0.0,0.0,0.2,0.4,5,13.0,0.49999999999999994,0.8660254037844387,1,1,3,0,0,1,0,0,6.0,13.0,10.0,6.0,9.666666666666666,7.333333333333333,3.5118845842842465,-0.16666666666666663,-0.16666666666666663,8.0
Gota,2025,2,8,2.375,0.125,0.375,0.25,0.0,0.0,0.375,0.375,7,13.875,0.8660254037844386,0.5000000000000001,1,0,3,0,0,1,0,0,5.0,6.0,13.0,1.0,8.0,7.333333333333333,4.358898943540674,0.6000000000000001,7.0,12.0
Gota,2025,3,12,2.4166666666666665,0.08333333333333333,0.4166666666666667,0.08333333333333333,0.3333333333333333,0.0,0.4166666666666667,0.25,10,16.416666666666668,1.0,6.123233995736766e-17,1,1,3,0,0,1,0,0,8.0,5.0,6.0,7.0,6.333333333333333,7.5,1.5275252316519468,0.5,0.7142857142857142,10.0
Gota,2025,4,10,1.9,0.1,0.1,0.2,0.4,0.0,0.4,0.6,6,14.6,0.8660254037844387,-0.4999999999999998,2,0,3,0,0,1,0,0,12.0,8.0,5.0,5.0,8.333333333333334,9.0,3.511884584284246,-0.16666666666666663,1.0,12.0
Gota,2025,5,12,2.1666666666666665,0.0,0.3333333333333333,0.08333333333333333,0.4166666666666667,0.0,0.4166666666666667,0.16666666666666666,7,14.75,0.49999999999999994,-0.8660254037844387,2,0,3,0,0,1,0,0,10.0,12.0,8.0,9.0,10.0,9.0,1.9999999999999991,0.19999999999999996,0.33333333333333326,9.0
Isanpur,2023,1,27,1.8888888888888888,0.0,0.3333333333333333,0.07407407407407407,0.25925925925925924,0.1111111111111111,0.14814814814814814,0.4444444444444444,11,13.25925925925926,0.49999999999999994,0.8660254037844387,1,1,7,0,0,0,1,0,15.483870967741936,15.933333333333334,16.06896551724138,13.7,16.112903225806452,16.03870967741935,0.0,0.040419126453260776,0.3012229614067849,14.0
Isanpur,2023,2,14,2.9285714285714284,0.35714285714285715,0.2857142857142857,0.14285714285714285,0.5714285714285714,0.0,0.35714285714285715,0.2857142857142857,7,14.428571428571429,0.8660254037844386,0.5000000000000001,1,0,7,0,0,0,1,0,27.0,15.933333333333334,16.06896551724138,13.7,27.0,27.0,0.0,-0.4814814814814815,0.3012229614067849,12.0
Isanpur,2023,3,12,2.5833333333333335,0.16666666666666666,0.5,0.16666666666666666,0.25,0.0,0.5,0.25,8,12.0,1.0,6.123233995736766e-17,1,1,7,0,0,0,1,0,14.0,27.0,16.06896551724138,13.7,20.5,20.5,9.192388155425117,-0.1428571428571429,0.3012229614067849,15.0
Isanpur,2023,4,15,2.2666666666666666,0.13333333333333333,0.2,0.2,0.4,0.0,0.13333333333333333,0.3333333333333333,9,13.466666666666667,0.8660254037844387,-0.4999999999999998,2,0,7,0,0,0,1,0,12.0,14.0,27.0,13.7,17.666666666666668,17.666666666666668,8.144527815247079,0.25,0.3012229614067849,18.0
Isanpur,2023,5,18,2.4444444444444446,0.3888888888888889,0.0,0.3888888888888889,0.16666666666666666,0.0,0.4444444444444444,0.4444444444444444,9,13.444444444444445,0.49999999999999994,-0.8660254037844387,2,0,7,0,0,0,1,0,15.0,12.0,14.0,13.7,13.666666666666666,17.0,1.5275252316519552,0.19999999999999996,0.3012229614067849,12.0
Isanpur,2023,6,12,2.9166666666666665,0.4166666666666667,0.16666666666666666,0.16666666666666666,0.08333333333333333,0.0,0.5,0.25,8,12.333333333333334,1.2246467991473532e-16,-1.0,2,0,7,0,0,0,1,0,18.0,15.0,12.0,13.7,15.0,17.2,3.0000000000000036,-0.33333333333333337,0.3012229614067849,5.0
Isanpur,2023,7,5,2.2,0.4,0.0,0.0,0.2,0.0,0.2,0.4,4,11.6,-0.4999999999999997,-0.8660254037844388,3,0,7,0,0,0,1,0,12.0,18.0,15.0,13.7,15.0,16.333333333333332,3.0000000000000036,-0.5833333333333333,0.3012229614067849,10.0
Isanpur,2023,8,10,2.5,0.2,0.2,0.3,0.1,0.0,0.3,0.5,7,13.4,-0.8660254037844385,-0.5000000000000004,3,0,7,0,0,0,1,0,5.0,12.0,18.0,13.7,11.666666666666666,12.666666666666666,6.506407098647715,1.0,0.3012229614067849,10.0
Isanpur,2023,9,10,3.0,0.2,0.6,0.4,0.1,0.0,0.4,0.4,6,11.1,-1.0,-1.8369701987210297e-16,3,0,7,0,0,0,1,0,10.0,5.0,12.0,13.7,9.0,12.0,3.6055512754639985,0.0,0.3012229614067849,12.0
Isanpur,2023,10,12,2.8333333333333335,0.4166666666666667,0.25,0.08333333333333333,0.4166666666666667,0.4166666666666667,0.3333333333333333,0.16666666666666666,7,14.333333333333334,-0.8660254037844386,0.5000000000000001,4,1,7,0,0,0,1,0,10.0,10.0,5.0,13.7,8.333333333333334,11.666666666666666,2.886751345948141,0.19999999999999996,0.3012229614067849,16.0
Isanpur,2023,11,16,2.375,0.0625,0.375,0.25,0.25,0.1875,0.4375,0.3125,10,14.75,-0.5000000000000004,0.8660254037844384,4,1,7,0,0,0,1,0,12.0,10.0,10.0,13.7,10.666666666666666,11.166666666666666,1.1547005383792517,0.33333333333333326,0.3012229614067849,8.0
Isanpur,2023,12,8,2.375,0.125,0.375,0.125,0.0,0.0,0.375,0.25,8,14.25,-2.4492935982947064e-16,1.0,4,1,7,0,0,0,1,0,16.0,12.0,10.0,13.7,12.666666666666666,10.833333333333334,3.0550504633038935,-0.5,0.3012229614067849,20.0
Isanpur,2024,1,20,2.25,0.2,0.2,0.3,0.15,0.1,0.25,0.35,11,11.05,0.49999999999999994,0.8660254037844387,1,1,7,0,0,0,1,0,8.0,16.0,12.0,27.0,12.0,10.166666666666666,4.0,1.5,-0.2592592592592593,15.0
Isanpur,2024,2,15,2.6666666666666665,0.2,0.3333333333333333,0.13333333333333333,0.2,0.0,0.3333333333333333,0.26666666666666666,10,13.733333333333333,0.8660254037844386,0.5000000000000001,1,0,7,0,0,0,1,0,20.0,8.0,16.0,14.0,14.666666666666666,12.666666666666666,6.110100926607787,-0.25,0.0714285714285714,14.0
Isanpur,2024,3,14,2.0714285714285716,0.14285714285714285,0.21428571428571427,0.21428571428571427,0.42857142857142855,0.07142857142857142,0.5714285714285714,0.35714285714285715,9,10.857142857142858,1.0,6.123233995736766e-17,1,1,7,0,0,0,1,0,15.0,20.0,8.0,12.0,14.333333333333334,13.5,6.027713773341709,-0.06666666666666665,0.16666666666666674,12.0
Isanpur,2024,4,12,2.5,0.0,0.6666666666666666,0.3333333333333333,0.08333333333333333,0.0,0.3333333333333333,0.4166666666666667,9,10.0,0.8660254037844387,-0.4999999999999998,2,0,7,0,0,0,1,0,14.0,15.0,20.0,15.0,16.333333333333332,14.166666666666666,3.2145502536643193,-0.1428571428571429,-0.19999999999999996,12.0
Isanpur,2024,5,12,2.3333333333333335,0.0,0.5,0.16666666666666666,0.4166666666666667,0.0,0.16666666666666666,0.4166666666666667,7,12.5,0.49999999999999994,-0.8660254037844387,2,0,7,0,0,0,1,0,12.0,14.0,15.0,18.0,13.666666666666666,14.166666666666666,1.527525231651946,0.0,-0.33333333333333337,15.0
Isanpur,2024,6,15,2.6,0.2,0.26666666666666666,0.26666666666666666,0.5333333333333333,0.0,0.4,0.3333333333333333,9,15.6,1.2246467991473532e-16,-1.0,2,0,7,0,0,0,1,0,12.0,12.0,14.0,12.0,12.666666666666666,13.5,1.1547005383792504,0.25,0.25,17.0
Isanpur,2024,7,17,2.2941176470588234,0.17647058823529413,0.17647058823529413,0.35294117647058826,0.47058823529411764,0.0,0.29411764705882354,0.35294117647058826,10,10.529411764705882,-0.4999999999999997,-0.8660254037844388,3,0,7,0,0,0,1,0,15.0,12.0,12.0,5.0,13.0,14.666666666666666,1.7320508075688772,0.1333333333333333,2.4,10.0
Isanpur,2024,8,10,2.7,0.1,0.6,0.1,0.2,0.0,0.2,0.3,9,14.5,-0.8660254037844385,-0.5000000000000004,3,0,7,0,0,0,1,0,17.0,15.0,12.0,10.0,14.666666666666666,14.166666666666666,2.5166114784235836,-0.4117647058823529,0.0,13.0
Isanpur,2024,9,13,2.230769230769231,0.23076923076923078,0.23076923076923078,0.23076923076923078,0.38461538461538464,0.0,0.38461538461538464,0.3076923076923077,11,13.923076923076923,-1.0,-1.8369701987210297e-16,3,0,7,0,0,0,1,0,10.0,17.0,15.0,10.0,14.0,13.333333333333334,3.6055512754639896,0.30000000000000004,0.30000000000000004,19.0
Isanpur,2024,10,19,2.526315789473684,0.15789473684210525,0.3684210526315789,0.21052631578947367,0.3157894736842105,0.21052631578947367,0.3684210526315789,0.3157894736842105,14,13.894736842105264,-0.8660254037844386,0.5000000000000001,4,1,7,0,0,0,1,0,13.0,10.0,17.0,12.0,13.333333333333334,13.166666666666666,3.5118845842842465,0.46153846153846145,0.5833333333333333,11.0
Isanpur,2024,11,11,2.5454545454545454,0.18181818181818182,0.45454545454545453,0.2727272727272727,0.5454545454545454,0.18181818181818182,0.36363636363636365,0.2727272727272727,9,14.454545454545455,-0.5000000000000004,0.8660254037844384,4,1,7,0,0,0,1,0,19.0,13.0,10.0,16.0,14.0,14.333333333333334,4.582575694955841,-0.42105263157894735,-0.3125,14.0
Isanpur,2024,12,14,2.0,0.07142857142857142,0.2857142857142857,0.21428571428571427,0.21428571428571427,0.0,0.21428571428571427,0.21428571428571427,7,12.285714285714286,-2.4492935982947064e-16,1.0,4,1,7,0,0,0,1,0,11.0,19.0,13.0,8.0,14.333333333333334,14.166666666666666,4.163331998932266,0.2727272727272727,0.75,24.0
Isanpur,2025,1,24,2.5833333333333335,0.20833333333333334,0.2916666666666667,0.25,0.25,0.08333333333333333,0.4166666666666667,0.2916666666666667,11,13.958333333333334,0.49999999999999994,0.8660254037844387,1,1,7,0,0,0,1,0,14.0,11.0,19.0,20.0,14.666666666666666,14.0,4.0414518843273814,0.7142857142857142,0.19999999999999996,18.0
Isanpur,2025,2,18,2.2222222222222223,0.05555555555555555,0.3888888888888889,0.1111111111111111,0.5,0.0,0.3333333333333333,0.2777777777777778,12,11.333333333333334,0.8660254037844386,0.5000000000000001,1,0,7,0,0,0,1,0,24.0,14.0,11.0,15.0,16.333333333333332,15.166666666666666,6.806859285554046,-0.25,0.19999999999999996,47.0
Isanpur,2025,3,47,2.4893617021276597,0.1702127659574468,0.3191489361702128,0.23404255319148937,0.3829787234042553,0.0,0.48936170212765956,0.2127659574468085,12,14.085106382978724,1.0,6.123233995736766e-17,1,1,7,0,0,0,1,0,18.0,24.0,14.0,14.0,18.666666666666668,16.5,5.033222956847168,1.6111111111111112,2.357142857142857,25.0
Isanpur,2025,4,25,2.6,0.08,0.52,0.32,0.44,0.0,0.48,0.28,12,10.68,0.8660254037844387,-0.4999999999999998,2,0,7,0,0,0,1,0,47.0,18.0,24.0,12.0,29.666666666666668,22.166666666666668,15.30795000427338,-0.46808510638297873,1.0833333333333335,21.0
Isanpur,2025,5,21,2.238095238095238,0.047619047619047616,0.42857142857142855,0.2857142857142857,0.14285714285714285,0.0,0.19047619047619047,0.5714285714285714,11,13.047619047619047,0.49999999999999994,-0.8660254037844387,2,0,7,0,0,0,1,0,25.0,47.0,18.0,12.0,30.0,23.166666666666668,15.132745950421558,-0.16000000000000003,0.75,12.0
Isanpur,2025,6,12,2.1666666666666665,0.16666666666666666,0.25,0.3333333333333333,0.08333333333333333,0.0,0.16666666666666666,0.5,7,10.583333333333334,1.2246467991473532e-16,-1.0,2,0,7,0,0,0,1,0,21.0,25.0,47.0,15.0,31.0,24.833333333333332,14.000000000000002,-0.4285714285714286,-0.19999999999999996,2.0
Isanpur,2025,8,2,1.5,0.0,0.0,0.5,0.5,0.0,0.0,1.0,2,5.0,-0.8660254037844385,-0.5000000000000004,3,0,7,0,0,0,1,0,12.0,21.0,25.0,17.0,19.333333333333332,24.5,6.658328118479397,-0.8333333333333334,-0.8823529411764706,1.0
Isanpur,2025,11,1,3.0,0.0,1.0,0.0,1.0,0.0,0.0,0.0,1,20.0,-0.5000000000000004,0.8660254037844384,4,0,7,0,0,0,1,0,2.0,12.0,21.0,10.0,11.666666666666666,20.833333333333332,9.504384952922171,-0.5,-0.9,1.0
Maninagar,2023,1,16,2.5625,0.125,0.5,0.3125,0.4375,0.0625,0.1875,0.625,6,12.8125,0.49999999999999994,0.8660254037844387,1,1,8,0,0,0,1,0,17.133333333333333,17.137931034482758,16.928571428571427,14.052631578947368,17.000000000000004,16.489444444444445,0.0,0.20193645213388786,0.2769402295331088,10.0
Maninagar,2023,2,10,2.4,0.1,0.4,0.2,0.3,0.0,0.1,0.4,6,15.0,0.8660254037844386,0.5000000000000001,1,0,8,0,0,0,1,0,16.0,17.137931034482758,16.928571428571427,14.052631578947368,16.0,16.0,0.0,-0.375,0.2769402295331088,18.0
Maninagar,2023,3,18,2.2777777777777777,0.1111111111111111,0.3888888888888889,0.2777777777777778,0.1111111111111111,0.0,0.3333333333333333,0.3888888888888889,11,14.777777777777779,1.0,6.123233995736766e-17,1,1,8,0,0,0,1,0,10.0,16.0,16.928571428571427,14.052631578947368,13.0,13.0,4.242640687119285,0.8,0.2769402295331088,17.0
Maninagar,2023,4,17,2.4705882352941178,0.058823529411764705,0.4117647058823529,0.29411764705882354,0.23529411764705882,0.0,0.35294117647058826,0.35294117647058826,9,13.117647058823529,0.8660254037844387,-0.4999999999999998,2,0,8,0,0,0,1,0,18.0,10.0,16.0,14.052631578947368,14.666666666666666,14.666666666666666,4.163331998932266,-0.05555555555555558,0.2769402295331088,17.0
Maninagar,2023,5,17,2.0588235294117645,0.11764705882352941,0.17647058823529413,0.23529411764705882,0.17647058823529413,0.0,0.058823529411764705,0.7647058823529411,9,13.0,0.49999999999999994,-0.8660254037844387,2,0,8,0,0,0,1,0,17.0,18.0,10.0,14.052631578947368,15.0,15.25,4.358898943540674,0.0,0.2769402295331088,14.0
Maninagar,2023,6,14,2.5,0.2857142857142857,0.14285714285714285,0.14285714285714285,0.5,0.0,0.35714285714285715,0.42857142857142855,9,13.642857142857142,1.2246467991473532e-16,-1.0,2,0,8,0,0,0,1,0,17.0,17.0,18.0,14.052631578947368,17.333333333333332,15.6,0.5773502691896255,-0.17647058823529416,0.2769402295331088,7.0
Maninagar,2023,7,7,2.2857142857142856,0.2857142857142857,0.0,0.5714285714285714,0.42857142857142855,0.0,0.14285714285714285,0.7142857142857143,6,9.0,-0.4999999999999997,-0.8660254037844388,3,0,8,0,0,0,1,0,14.0,17.0,17.0,14.052631578947368,16.0,15.333333333333334,1.7320508075688772,-0.5,0.2769402295331088,10.0
Maninagar,2023,8,10,2.7,0.4,0.0,0.5,0.2,0.0,0.2,0.8,5,9.6,-0.8660254037844385,-0.5000000000000004,3,0,8,0,0,0,1,0,7.0,14.0,17.0,14.052631578947368,12.666666666666666,13.833333333333334,5.131601439446884,0.4285714285714286,0.2769402295331088,14.0
Maninagar,2023,9,14,2.2142857142857144,0.21428571428571427,0.14285714285714285,0.42857142857142855,0.42857142857142855,0.0,0.42857142857142855,0.5,6,10.857142857142858,-1.0,-1.8369701987210297e-16,3,0,8,0,0,0,1,0,10.0,7.0,14.0,14.052631578947368,10.333333333333334,13.833333333333334,3.5118845842842457,0.3999999999999999,0.2769402295331088,12.0
Maninagar,2023,10,12,2.3333333333333335,0.25,0.08333333333333333,0.0,0.16666666666666666,0.5,0.25,0.5833333333333334,7,15.0,-0.8660254037844386,0.5000000000000001,4,1,8,0,0,0,1,0,14.0,10.0,7.0,14.052631578947368,10.333333333333334,13.166666666666666,3.5118845842842457,-0.1428571428571429,0.2769402295331088,21.0
Maninagar,2023,11,21,2.238095238095238,0.09523809523809523,0.2857142857142857,0.38095238095238093,0.38095238095238093,0.2857142857142857,0.3333333333333333,0.5238095238095238,9,12.333333333333334,-0.5000000000000004,0.8660254037844384,4,1,8,0,0,0,1,0,12.0,14.0,10.0,14.052631578947368,12.0,12.333333333333334,1.9999999999999987,0.75,0.2769402295331088,16.0
Maninagar,2023,12,16,2.25,0.125,0.25,0.3125,0.1875,0.0,0.25,0.5625,8,12.3125,-2.4492935982947064e-16,1.0,4,1,8,0,0,0,1,0,21.0,12.0,14.0,14.052631578947368,15.666666666666666,13.0,4.725815626252608,-0.23809523809523814,0.2769402295331088,21.0
Maninagar,2024,1,21,2.238095238095238,0.14285714285714285,0.3333333333333333,0.6666666666666666,0.14285714285714285,0.047619047619047616,0.14285714285714285,0.6190476190476191,9,11.047619047619047,0.49999999999999994,0.8660254037844387,1,1,8,0,0,0,1,0,16.0,21.0,12.0,16.0,16.333333333333332,13.333333333333334,4.509249752822893,0.3125,0.3125,10.0
Maninagar,2024,2,10,2.4,0.2,0.1,0.4,0.3,0.0,0.3,0.6,8,9.5,0.8660254037844386,0.5000000000000001,1,0,8,0,0,0,1,0,21.0,16.0,21.0,10.0,19.333333333333332,15.666666666666666,2.886751345948129,-0.5238095238095238,0.0,15.0
Maninagar,2024,3,15,2.1333333333333333,0.13333333333333333,0.13333333333333333,0.2,0.2,0.06666666666666667,0.13333333333333333,0.5333333333333333,12,12.133333333333333,1.0,6.123233995736766e-17,1,1,8,0,0,0,1,0,10.0,21.0,16.0,18.0,15.666666666666666,15.666666666666666,5.507570547286102,0.5,-0.16666666666666663,13.0
Maninagar,2024,4,13,2.3076923076923075,0.15384615384615385,0.23076923076923078,0.8461538461538461,0.5384615384615384,0.0,0.5384615384615384,0.38461538461538464,9,15.307692307692308,0.8660254037844387,-0.4999999999999998,2,0,8,0,0,0,1,0,15.0,10.0,21.0,17.0,15.333333333333334,15.833333333333334,5.507570547286102,-0.1333333333333333,-0.23529411764705888,24.0
Maninagar,2024,5,24,2.3333333333333335,0.20833333333333334,0.20833333333333334,0.16666666666666666,0.3333333333333333,0.0,0.2916666666666667,0.4166666666666667,11,14.666666666666666,0.49999999999999994,-0.8660254037844387,2,0,8,0,0,0,1,0,13.0,15.0,10.0,17.0,12.666666666666666,16.0,2.5166114784235836,0.8461538461538463,0.41176470588235303,10.0
Maninagar,2024,6,10,2.2,0.1,0.2,0.4,0.3,0.0,0.0,1.0,4,11.5,1.2246467991473532e-16,-1.0,2,0,8,0,0,0,1,0,24.0,13.0,15.0,14.0,17.333333333333332,16.5,5.859465277082316,-0.5833333333333333,-0.2857142857142857,2.0
Maninagar,2024,7,2,1.5,0.0,0.0,0.0,0.0,0.0,0.0,0.5,2,12.5,-0.4999999999999997,-0.8660254037844388,3,0,8,0,0,0,1,0,10.0,24.0,13.0,7.0,15.666666666666666,15.5,7.3711147958319945,-0.8,-0.7142857142857143,14.0
Maninagar,2024,8,14,1.8571428571428572,0.0,0.21428571428571427,0.42857142857142855,0.14285714285714285,0.0,0.14285714285714285,0.5714285714285714,7,8.5,-0.8660254037844385,-0.5000000000000004,3,0,8,0,0,0,1,0,2.0,10.0,24.0,10.0,12.0,12.333333333333334,11.135528725660045,6.0,0.3999999999999999,19.0
Maninagar,2024,9,19,2.263157894736842,0.21052631578947367,0.15789473684210525,0.21052631578947367,0.3157894736842105,0.0,0.42105263157894735,0.42105263157894735,10,13.210526315789474,-1.0,-1.8369701987210297e-16,3,0,8,0,0,0,1,0,14.0,2.0,10.0,14.0,8.666666666666666,13.0,6.110100926607788,0.3571428571428572,0.3571428571428572,22.0
Maninagar,2024,10,22,2.272727272727273,0.13636363636363635,0.22727272727272727,0.36363636363636365,0.4090909090909091,0.2727272727272727,0.09090909090909091,0.5909090909090909,10,11.136363636363637,-0.8660254037844386,0.5000000000000001,4,1,8,0,0,0,1,0,19.0,14.0,2.0,12.0,11.666666666666666,13.666666666666666,8.736894948054106,0.1578947368421053,0.8333333333333333,18.0
Maninagar,2024,11,18,2.5555555555555554,0.2222222222222222,0.2777777777777778,0.4444444444444444,0.3888888888888889,0.0,0.3333333333333333,0.3888888888888889,11,11.777777777777779,-0.5000000000000004,0.8660254037844384,4,1,8,0,0,0,1,0,22.0,19.0,14.0,21.0,18.333333333333332,15.166666666666666,4.041451884327382,-0.18181818181818177,-0.1428571428571429,22.0
Maninagar,2024,12,22,2.3636363636363638,0.18181818181818182,0.2727272727272727,0.4090909090909091,0.22727272727272727,0.0,0.3181818181818182,0.5454545454545454,12,14.454545454545455,-2.4492935982947064e-16,1.0,4,1,8,0,0,0,1,0,18.0,22.0,19.0,16.0,19.666666666666668,14.166666666666666,2.0816659994661384,0.22222222222222232,0.375,33.0
Maninagar,2025,1,33,2.484848484848485,0.18181818181818182,0.3333333333333333,0.18181818181818182,0.2727272727272727,0.21212121212121213,0.2727272727272727,0.48484848484848486,13,13.454545454545455,0.49999999999999994,0.8660254037844387,1,1,8,0,0,0,1,0,22.0,18.0,22.0,21.0,20.666666666666668,16.166666666666668,2.309401076758508,0.5,0.5714285714285714,25.0
Maninagar,2025,2,25,2.48,0.24,0.28,0.12,0.36,0.0,0.32,0.52,11,13.48,0.8660254037844386,0.5000000000000001,1,0,8,0,0,0,1,0,33.0,22.0,18.0,10.0,24.333333333333332,21.333333333333332,7.7674534651540315,-0.24242424242424243,1.5,26.0
Maninagar,2025,3,26,2.5384615384615383,0.23076923076923078,0.2692307692307692,0.34615384615384615,0.4230769230769231,0.038461538461538464,0.38461538461538464,0.3076923076923077,14,11.692307692307692,1.0,6.123233995736766e-17,1,1,8,0,0,0,1,0,25.0,33.0,22.0,15.0,26.666666666666668,23.166666666666668,5.68624070307733,0.040000000000000036,0.7333333333333334,28.0
Maninagar,2025,4,28,2.5714285714285716,0.17857142857142858,0.35714285714285715,0.21428571428571427,0.42857142857142855,0.0,0.35714285714285715,0.5714285714285714,11,13.214285714285714,0.8660254037844387,-0.4999999999999998,2,0,8,0,0,0,1,0,26.0,25.0,33.0,13.0,28.0,24.333333333333332,4.3588989435406775,0.07692307692307687,1.1538461538461537,23.0
Maninagar,2025,5,23,2.0869565217391304,0.17391304347826086,0.17391304347826086,0.34782608695652173,0.21739130434782608,0.0,0.30434782608695654,0.6086956521739131,11,11.695652173913043,0.49999999999999994,-0.8660254037844387,2,0,8,0,0,0,1,0,28.0,26.0,25.0,24.0,26.333333333333332,25.333333333333332,1.5275252316519587,-0.1785714285714286,-0.04166666666666663,17.0
Maninagar,2025,6,17,2.176470588235294,0.11764705882352941,0.23529411764705882,0.11764705882352941,0.23529411764705882,0.0,0.23529411764705882,0.5882352941176471,10,15.294117647058824,1.2246467991473532e-16,-1.0,2,0,8,0,0,0,1,0,23.0,28.0,26.0,10.0,25.666666666666668,26.166666666666668,2.516611478423591,-0.26086956521739135,0.7,1.0
Maninagar,2025,7,1,3.0,0.0,1.0,1.0,0.0,0.0,0.0,1.0,1,2.0,-0.4999999999999997,-0.8660254037844388,3,0,8,0,0,0,1,0,17.0,23.0,28.0,2.0,22.666666666666668,25.333333333333332,5.5075705472861065,-0.9411764705882353,-0.5,1.0
Naroda,2023,1,15,2.7333333333333334,0.13333333333333333,0.6666666666666666,0.2,0.26666666666666666,0.06666666666666667,0.3333333333333333,0.4,9,13.066666666666666,0.49999999999999994,0.8660254037844387,1,1,9,0,1,0,0,0,24.82758620689655,24.178571428571427,23.555555555555557,19.5,23.902298850574713,22.385632183908047,0.0,0.08986740854141238,0.6544364676409684,18.0
Naroda,2023,2,18,2.7777777777777777,0.2777777777777778,0.3333333333333333,0.3333333333333333,0.3333333333333333,0.0,0.4444444444444444,0.3888888888888889,10,9.166666666666666,0.8660254037844386,0.5000000000000001,1,0,9,0,1,0,0,0,15.0,24.178571428571427,23.555555555555557,19.5,15.0,15.0,0.0,0.19999999999999996,0.6544364676409684,15.0
Naroda,2023,3,15,2.1333333333333333,0.13333333333333333,0.2,0.13333333333333333,0.06666666666666667,0.13333333333333333,0.4,0.26666666666666666,12,15.4,1.0,6.123233995736766e-17,1,1,9,0,1,0,0,0,18.0,15.0,23.555555555555557,19.5,16.5,16.5,2.1213203435596424,-0.16666666666666663,0.6544364676409684,11.0
Naroda,2023,4,11,2.909090909090909,0.36363636363636365,0.2727272727272727,0.45454545454545453,0.45454545454545453,0.0,0.5454545454545454,0.09090909090909091,6,14.636363636363637,0.8660254037844387,-0.4999999999999998,2,0,9,0,1,0,0,0,15.0,18.0,15.0,19.5,16.0,16.0,1.7320508075688772,-0.2666666666666667,0.6544364676409684,19.0
Naroda,2023,5,19,2.5789473684210527,0.3157894736842105,0.15789473684210525,0.5263157894736842,0.47368421052631576,0.0,0.3684210526315789,0.21052631578947367,11,12.421052631578947,0.49999999999999994,-0.8660254037844387,2,0,9,0,1,0,0,0,11.0,15.0,18.0,19.5,14.666666666666666,14.75,3.511884584284246,0.7272727272727273,0.6544364676409684,11.0
Naroda,2023,6,11,2.6363636363636362,0.18181818181818182,0.36363636363636365,0.36363636363636365,0.18181818181818182,0.0,0.7272727272727273,0.2727272727272727,6,14.272727272727273,1.2246467991473532e-16,-1.0,2,0,9,0,1,0,0,0,19.0,11.0,15.0,19.5,15.0,15.6,3.9999999999999996,-0.42105263157894735,0.6544364676409684,10.0
Naroda,2023,7,10,2.9,0.3,0.3,0.4,0.4,0.0,0.4,0.3,8,12.6,-0.4999999999999997,-0.8660254037844388,3,0,9,0,1,0,0,0,11.0,19.0,11.0,19.5,13.666666666666666,14.833333333333334,4.618802153517006,-0.09090909090909094,0.6544364676409684,14.0
Naroda,2023,8,14,2.7857142857142856,0.2857142857142857,0.35714285714285715,0.2857142857142857,0.0,0.0,0.5,0.2857142857142857,7,13.785714285714286,-0.8660254037844385,-0.5000000000000004,3,0,9,0,1,0,0,0,10.0,11.0,19.0,19.5,13.333333333333334,14.0,4.932882862316247,0.3999999999999999,0.6544364676409684,17.0
Naroda,2023,9,17,2.764705882352941,0.23529411764705882,0.29411764705882354,0.35294117647058826,0.23529411764705882,0.0,0.35294117647058826,0.17647058823529413,8,10.764705882352942,-1.0,-1.8369701987210297e-16,3,0,9,0,1,0,0,0,14.0,10.0,11.0,19.5,11.666666666666666,13.333333333333334,2.081665999466133,0.2142857142857142,0.6544364676409684,20.0
Naroda,2023,10,20,2.7,0.3,0.25,0.45,0.15,0.4,0.5,0.35,12,14.5,-0.8660254037844386,0.5000000000000001,4,1,9,0,1,0,0,0,17.0,14.0,10.0,19.5,13.666666666666666,13.666666666666666,3.5118845842842465,0.17647058823529416,0.6544364676409684,30.0
Naroda,2023,11,30,2.5,0.23333333333333334,0.26666666666666666,0.36666666666666664,0.26666666666666666,0.36666666666666664,0.36666666666666664,0.36666666666666664,12,13.2,-0.5000000000000004,0.8660254037844384,4,1,9,0,1,0,0,0,20.0,17.0,14.0,19.5,17.0,15.166666666666666,3.0000000000000004,0.5,0.6544364676409684,18.0
Naroda,2023,12,18,2.5555555555555554,0.2777777777777778,0.2222222222222222,0.3333333333333333,0.2222222222222222,0.05555555555555555,0.5,0.4444444444444444,9,9.833333333333334,-2.4492935982947064e-16,1.0,4,1,9,0,1,0,0,0,30.0,20.0,17.0,19.5,22.333333333333332,17.0,6.806859285554046,-0.4,0.6544364676409684,20.0
Naroda,2024,1,20,2.7,0.25,0.35,0.55,0.35,0.1,0.25,0.35,10,8.75,0.49999999999999994,0.8660254037844387,1,1,9,0,1,0,0,0,18.0,30.0,20.0,15.0,22.666666666666668,18.166666666666668,6.429100507328638,0.11111111111111116,0.33333333333333326,18.0
Naroda,2024,2,18,2.5,0.05555555555555555,0.5,0.2222222222222222,0.2777777777777778,0.0,0.3888888888888889,0.3333333333333333,11,12.333333333333334,0.8660254037844386,0.5000000000000001,1,0,9,0,1,0,0,0,20.0,18.0,30.0,18.0,22.666666666666668,19.833333333333332,6.429100507328638,-0.09999999999999998,0.0,31.0
Naroda,2024,3,31,2.6451612903225805,0.16129032258064516,0.45161290322580644,0.25806451612903225,0.3225806451612903,0.0967741935483871,0.41935483870967744,0.3225806451612903,12,14.838709677419354,1.0,6.123233995736766e-17,1,1,9,0,1,0,0,0,18.0,20.0,18.0,15.0,18.666666666666668,20.5,1.154700538379261,0.7222222222222223,1.0666666666666669,35.0
Naroda,2024,4,35,2.3714285714285714,0.11428571428571428,0.34285714285714286,0.45714285714285713,0.2,0.0,0.2857142857142857,0.3142857142857143,13,13.142857142857142,0.8660254037844387,-0.4999999999999998,2,0,9,0,1,0,0,0,31.0,18.0,20.0,11.0,23.0,22.833333333333332,7.000000000000002,0.12903225806451624,2.1818181818181817,33.0
Naroda,2024,5,33,2.4545454545454546,0.15151515151515152,0.36363636363636365,0.30303030303030304,0.24242424242424243,0.0,0.3939393939393939,0.30303030303030304,11,10.848484848484848,0.49999999999999994,-0.8660254037844387,2,0,9,0,1,0,0,0,35.0,31.0,18.0,19.0,28.0,25.333333333333332,8.88819441731559,-0.05714285714285716,0.736842105263158,16.0
Naroda,2024,6,16,2.5625,0.25,0.375,0.375,0.3125,0.0,0.5,0.3125,10,15.1875,1.2246467991473532e-16,-1.0,2,0,9,0,1,0,0,0,33.0,35.0,31.0,11.0,33.0,25.833333333333332,2.000000000000007,-0.5151515151515151,0.4545454545454546,14.0
Naroda,2024,7,14,2.857142857142857,0.35714285714285715,0.21428571428571427,0.2857142857142857,0.35714285714285715,0.0,0.42857142857142855,0.14285714285714285,7,13.5,-0.4999999999999997,-0.8660254037844388,3,0,9,0,1,0,0,0,16.0,33.0,35.0,10.0,28.0,25.5,10.44030650891055,-0.125,0.3999999999999999,22.0
Naroda,2024,8,22,2.5,0.22727272727272727,0.2727272727272727,0.36363636363636365,0.36363636363636365,0.0,0.36363636363636365,0.4090909090909091,11,12.409090909090908,-0.8660254037844385,-0.5000000000000004,3,0,9,0,1,0,0,0,14.0,16.0,33.0,14.0,21.0,24.5,10.44030650891055,0.5714285714285714,0.5714285714285714,30.0
Naroda,2024,9,30,2.8666666666666667,0.23333333333333334,0.5,0.16666666666666666,0.3,0.0,0.5,0.2,12,14.066666666666666,-1.0,-1.8369701987210297e-16,3,0,9,0,1,0,0,0,22.0,14.0,16.0,17.0,17.333333333333332,25.166666666666668,4.163331998932269,0.36363636363636354,0.7647058823529411,24.0
Naroda,2024,10,24,2.5416666666666665,0.125,0.375,0.4166666666666667,0.4583333333333333,0.375,0.5,0.25,10,10.875,-0.8660254037844386,0.5000000000000001,4,1,9,0,1,0,0,0,30.0,22.0,14.0,20.0,22.0,25.0,8.000000000000002,-0.19999999999999996,0.19999999999999996,29.0
Naroda,2024,11,29,2.5172413793103448,0.13793103448275862,0.3793103448275862,0.3793103448275862,0.3103448275862069,0.10344827586206896,0.3793103448275862,0.3103448275862069,11,11.344827586206897,-0.5000000000000004,0.8660254037844384,4,1,9,0,1,0,0,0,24.0,30.0,22.0,30.0,25.333333333333332,23.166666666666668,4.163331998932269,0.20833333333333326,-0.033333333333333326,22.0
Naroda,2024,12,22,2.6363636363636362,0.22727272727272727,0.3181818181818182,0.3181818181818182,0.4090909090909091,0.0,0.36363636363636365,0.2727272727272727,12,12.227272727272727,-2.4492935982947064e-16,1.0,4,1,9,0,1,0,0,0,29.0,24.0,30.0,18.0,27.666666666666668,22.5,3.214550253664323,-0.24137931034482762,0.22222222222222232,53.0
Naroda,2025,1,53,2.2641509433962264,0.11320754716981132,0.24528301886792453,0.3018867924528302,0.2830188679245283,0.07547169811320754,0.41509433962264153,0.33962264150943394,15,13.622641509433961,0.49999999999999994,0.8660254037844387,1,1,9,0,1,0,0,0,22.0,29.0,24.0,20.0,25.0,23.5,3.6055512754639936,1.4090909090909092,1.65,46.0
Naroda,2025,2,46,2.1739130434782608,0.06521739130434782,0.2826086956521739,0.17391304347826086,0.41304347826086957,0.0,0.2608695652173913,0.41304347826086957,15,13.021739130434783,0.8660254037844386,0.5000000000000001,1,0,9,0,1,0,0,0,53.0,22.0,29.0,18.0,34.666666666666664,30.0,16.258331197676267,-0.13207547169811318,1.5555555555555554,45.0
Naroda,2025,3,45,2.5555555555555554,0.15555555555555556,0.4222222222222222,0.35555555555555557,0.35555555555555557,0.15555555555555556,0.28888888888888886,0.4222222222222222,13,11.311111111111112,1.0,6.123233995736766e-17,1,1,9,0,1,0,0,0,46.0,53.0,22.0,31.0,40.333333333333336,34.0,16.258331197676267,-0.021739130434782594,0.4516129032258065,41.0
Naroda,2025,4,41,2.4878048780487805,0.1951219512195122,0.36585365853658536,0.1951219512195122,0.34146341463414637,0.0,0.4878048780487805,0.1951219512195122,14,11.195121951219512,0.8660254037844387,-0.4999999999999998,2,0,9,0,1,0,0,0,45.0,46.0,53.0,35.0,48.0,36.5,4.35889894354068,-0.0888888888888889,0.17142857142857149,43.0
Naroda,2025,5,43,2.511627906976744,0.11627906976744186,0.46511627906976744,0.3488372093023256,0.2558139534883721,0.0,0.3023255813953488,0.3488372093023256,14,13.348837209302326,0.49999999999999994,-0.8660254037844387,2,0,9,0,1,0,0,0,41.0,45.0,46.0,33.0,44.0,39.333333333333336,2.6457513110646014,0.04878048780487809,0.303030303030303,28.0
Naroda,2025,6,28,2.3214285714285716,0.10714285714285714,0.35714285714285715,0.35714285714285715,0.4642857142857143,0.0,0.39285714285714285,0.32142857142857145,12,14.214285714285714,1.2246467991473532e-16,-1.0,2,0,9,0,1,0,0,0,43.0,41.0,45.0,16.0,43.0,41.666666666666664,2.000000000000014,-0.34883720930232553,0.75,1.0
Narol,2023,1,13,2.0,0.0,0.15384615384615385,0.23076923076923078,0.5384615384615384,0.07692307692307693,0.15384615384615385,0.5384615384615384,9,17.307692307692307,0.49999999999999994,0.8660254037844387,1,1,5,0,0,0,1,0,16.133333333333333,15.655172413793103,15.035714285714286,10.473684210526315,15.48888888888889,14.403333333333334,0.0,0.09699205354377768,0.916542375752902,5.0
Narol,2023,2,5,2.0,0.2,0.0,0.2,0.2,0.0,0.0,0.6,5,18.8,0.8660254037844386,0.5000000000000001,1,0,5,0,0,0,1,0,13.0,15.655172413793103,15.035714285714286,10.473684210526315,13.0,13.0,0.0,-0.6153846153846154,0.916542375752902,15.0
Narol,2023,3,15,2.466666666666667,0.13333333333333333,0.3333333333333333,0.5333333333333333,0.6,0.0,0.4,0.3333333333333333,9,11.533333333333333,1.0,6.123233995736766e-17,1,1,5,0,0,0,1,0,5.0,13.0,15.035714285714286,10.473684210526315,9.0,9.0,5.656854249492381,2.0,0.916542375752902,7.0
Narol,2023,4,7,2.4285714285714284,0.14285714285714285,0.2857142857142857,0.5714285714285714,0.42857142857142855,0.0,0.14285714285714285,0.7142857142857143,4,7.0,0.8660254037844387,-0.4999999999999998,2,0,5,0,0,0,1,0,15.0,5.0,13.0,10.473684210526315,11.0,11.0,5.291502622129181,-0.5333333333333333,0.916542375752902,8.0
Narol,2023,5,8,2.125,0.125,0.125,0.375,0.25,0.0,0.25,0.375,7,9.5,0.49999999999999994,-0.8660254037844387,2,0,5,0,0,0,1,0,7.0,15.0,5.0,10.473684210526315,9.0,10.0,5.291502622129181,0.1428571428571428,0.916542375752902,6.0
Narol,2023,6,6,2.8333333333333335,0.16666666666666666,0.5,0.3333333333333333,0.0,0.0,0.3333333333333333,0.6666666666666666,4,8.333333333333334,1.2246467991473532e-16,-1.0,2,0,5,0,0,0,1,0,8.0,7.0,15.0,10.473684210526315,10.0,9.6,4.358898943540674,-0.25,0.916542375752902,9.0
Narol,2023,7,9,2.7777777777777777,0.1111111111111111,0.5555555555555556,0.3333333333333333,0.1111111111111111,0.0,0.1111111111111111,0.6666666666666666,6,10.555555555555555,-0.4999999999999997,-0.8660254037844388,3,0,5,0,0,0,1,0,6.0,8.0,7.0,10.473684210526315,7.0,9.0,1.0,0.5,0.916542375752902,11.0
Narol,2023,8,11,2.6363636363636362,0.2727272727272727,0.2727272727272727,0.36363636363636365,0.2727272727272727,0.0,0.36363636363636365,0.5454545454545454,7,11.636363636363637,-0.8660254037844385,-0.5000000000000004,3,0,5,0,0,0,1,0,9.0,6.0,8.0,10.473684210526315,7.666666666666667,8.333333333333334,1.5275252316519465,0.22222222222222232,0.916542375752902,8.0
Narol,2023,9,8,2.375,0.125,0.375,0.25,0.5,0.0,0.375,0.5,7,12.25,-1.0,-1.8369701987210297e-16,3,0,5,0,0,0,1,0,11.0,9.0,6.0,10.473684210526315,8.666666666666666,9.333333333333334,2.5166114784235836,-0.2727272727272727,0.916542375752902,10.0
Narol,2023,10,10,2.2,0.2,0.1,0.3,0.5,0.4,0.3,0.5,7,13.0,-0.8660254037844386,0.5000000000000001,4,1,5,0,0,0,1,0,8.0,11.0,9.0,10.473684210526315,9.333333333333334,8.166666666666666,1.5275252316519474,0.25,0.916542375752902,11.0
Narol,2023,11,11,2.4545454545454546,0.09090909090909091,0.36363636363636365,0.2727272727272727,0.2727272727272727,0.09090909090909091,0.2727272727272727,0.6363636363636364,7,13.363636363636363,-0.5000000000000004,0.8660254037844384,4,1,5,0,0,0,1,0,10.0,8.0,11.0,10.473684210526315,9.666666666666666,8.666666666666666,1.5275252316519474,0.10000000000000009,0.916542375752902,14.0
Narol,2023,12,14,2.857142857142857,0.21428571428571427,0.5,0.2857142857142857,0.2857142857142857,0.0,0.42857142857142855,0.5,8,11.714285714285714,-2.4492935982947064e-16,1.0,4,1,5,0,0,0,1,0,11.0,10.0,8.0,10.473684210526315,9.666666666666666,9.166666666666666,1.5275252316519474,0.2727272727272727,0.916542375752902,18.0
Narol,2024,1,18,2.5,0.2222222222222222,0.2222222222222222,0.2777777777777778,0.2777777777777778,0.2222222222222222,0.3333333333333333,0.3333333333333333,11,9.277777777777779,0.49999999999999994,0.8660254037844387,1,1,5,0,0,0,1,0,14.0,11.0,10.0,13.0,11.666666666666666,10.5,2.0816659994661335,0.2857142857142858,0.3846153846153846,7.0
Narol,2024,2,7,2.142857142857143,0.0,0.2857142857142857,0.2857142857142857,0.14285714285714285,0.0,0.14285714285714285,0.5714285714285714,6,9.714285714285714,0.8660254037844386,0.5000000000000001,1,0,5,0,0,0,1,0,18.0,14.0,11.0,5.0,14.333333333333334,12.0,3.511884584284247,-0.6111111111111112,0.3999999999999999,10.0
Narol,2024,3,10,2.4,0.0,0.6,0.3,0.3,0.0,0.2,0.6,7,16.0,1.0,6.123233995736766e-17,1,1,5,0,0,0,1,0,7.0,18.0,14.0,15.0,13.0,11.333333333333334,5.5677643628300215,0.4285714285714286,-0.33333333333333337,9.0
Narol,2024,4,9,2.4444444444444446,0.0,0.4444444444444444,0.2222222222222222,0.0,0.0,0.6666666666666666,0.3333333333333333,5,12.11111111111111,0.8660254037844387,-0.4999999999999998,2,0,5,0,0,0,1,0,10.0,7.0,18.0,7.0,11.666666666666666,11.666666666666666,5.686240703077327,-0.09999999999999998,0.2857142857142858,12.0
Narol,2024,5,12,2.25,0.08333333333333333,0.3333333333333333,0.5,0.4166666666666667,0.0,0.3333333333333333,0.6666666666666666,8,10.75,0.49999999999999994,-0.8660254037844387,2,0,5,0,0,0,1,0,9.0,10.0,7.0,8.0,8.666666666666666,11.5,1.5275252316519468,0.33333333333333326,0.5,16.0
Narol,2024,6,16,2.5,0.0625,0.5,0.3125,0.5,0.0,0.25,0.5,8,11.625,1.2246467991473532e-16,-1.0,2,0,5,0,0,0,1,0,12.0,9.0,10.0,6.0,10.333333333333334,11.666666666666666,1.5275252316519468,0.33333333333333326,1.6666666666666665,10.0
Narol,2024,7,10,2.3,0.2,0.3,0.1,0.2,0.0,0.4,0.6,8,13.7,-0.4999999999999997,-0.8660254037844388,3,0,5,0,0,0,1,0,16.0,12.0,9.0,9.0,12.333333333333334,12.0,3.511884584284246,-0.375,0.11111111111111116,10.0
Narol,2024,8,10,2.2,0.2,0.1,0.3,0.3,0.0,0.3,0.7,6,16.5,-0.8660254037844385,-0.5000000000000004,3,0,5,0,0,0,1,0,10.0,16.0,12.0,11.0,12.666666666666666,10.666666666666666,3.0550504633038926,0.0,-0.09090909090909094,14.0
Narol,2024,9,14,2.142857142857143,0.0,0.35714285714285715,0.42857142857142855,0.35714285714285715,0.0,0.07142857142857142,0.6428571428571429,9,10.285714285714286,-1.0,-1.8369701987210297e-16,3,0,5,0,0,0,1,0,10.0,10.0,16.0,8.0,12.0,11.166666666666666,3.464101615137754,0.3999999999999999,0.75,24.0
Narol,2024,10,24,2.125,0.125,0.20833333333333334,0.25,0.125,0.2916666666666667,0.2916666666666667,0.625,9,12.916666666666666,-0.8660254037844386,0.5000000000000001,4,1,5,0,0,0,1,0,14.0,10.0,10.0,10.0,11.333333333333334,11.833333333333334,2.309401076758503,0.7142857142857142,1.4,21.0
Narol,2024,11,21,2.4761904761904763,0.14285714285714285,0.47619047619047616,0.19047619047619047,0.3333333333333333,0.0,0.2857142857142857,0.42857142857142855,11,14.380952380952381,-0.5000000000000004,0.8660254037844384,4,1,5,0,0,0,1,0,24.0,14.0,10.0,11.0,16.0,14.333333333333334,7.211102550927978,-0.125,0.9090909090909092,20.0
Narol,2024,12,20,2.5,0.3,0.2,0.45,0.45,0.0,0.25,0.55,10,13.95,-2.4492935982947064e-16,1.0,4,1,5,0,0,0,1,0,21.0,24.0,14.0,14.0,19.666666666666668,15.833333333333334,5.131601439446884,-0.04761904761904767,0.4285714285714286,37.0
Narol,2025,1,37,2.4054054054054053,0.10810810810810811,0.35135135135135137,0.2972972972972973,0.21621621621621623,0.16216216216216217,0.16216216216216217,0.43243243243243246,14,12.54054054054054,0.49999999999999994,0.8660254037844387,1,1,5,0,0,0,1,0,20.0,21.0,24.0,18.0,21.666666666666668,16.5,2.0816659994661313,0.8500000000000001,1.0555555555555554,28.0
Narol,2025,2,28,2.142857142857143,0.03571428571428571,0.32142857142857145,0.21428571428571427,0.2857142857142857,0.0,0.2857142857142857,0.5,12,14.0,0.8660254037844386,0.5000000000000001,1,0,5,0,0,0,1,0,37.0,20.0,21.0,7.0,26.0,21.0,9.539392014169456,-0.2432432432432432,3.0,39.0
Narol,2025,3,39,2.230769230769231,0.05128205128205128,0.41025641025641024,0.20512820512820512,0.23076923076923078,0.05128205128205128,0.20512820512820512,0.4358974358974359,13,12.512820512820513,1.0,6.123233995736766e-17,1,1,5,0,0,0,1,0,28.0,37.0,20.0,10.0,28.333333333333332,24.0,8.504900548115382,0.3928571428571428,2.9,29.0
Narol,2025,4,29,2.310344827586207,0.10344827586206896,0.27586206896551724,0.2413793103448276,0.2413793103448276,0.0,0.1724137931034483,0.5517241379310345,12,13.344827586206897,0.8660254037844387,-0.4999999999999998,2,0,5,0,0,0,1,0,39.0,28.0,37.0,9.0,34.666666666666664,28.166666666666668,5.859465277082316,-0.2564102564102564,2.2222222222222223,33.0
Narol,2025,5,33,2.3333333333333335,0.18181818181818182,0.2727272727272727,0.2727272727272727,0.3333333333333333,0.0,0.2727272727272727,0.48484848484848486,13,12.818181818181818,0.49999999999999994,-0.8660254037844387,2,0,5,0,0,0,1,0,29.0,39.0,28.0,12.0,32.0,29.0,6.08276253029822,0.13793103448275867,1.75,30.0
Narol,2025,6,30,2.3333333333333335,0.1,0.3333333333333333,0.2,0.23333333333333334,0.0,0.13333333333333333,0.5666666666666667,12,14.6,1.2246467991473532e-16,-1.0,2,0,5,0,0,0,1,0,33.0,29.0,39.0,16.0,33.666666666666664,31.0,5.033222956847167,-0.09090909090909094,0.875,2.0
Narol,2025,9,2,3.0,0.5,0.0,0.0,0.5,0.0,0.5,0.5,2,13.5,-1.0,-1.8369701987210297e-16,3,1,5,0,0,0,1,0,30.0,33.0,29.0,10.0,30.666666666666668,32.666666666666664,2.0816659994661286,-0.9333333333333333,-0.8,1.0
Navrangpura,2023,1,9,2.7777777777777777,0.2222222222222222,0.4444444444444444,0.4444444444444444,0.2222222222222222,0.1111111111111111,0.2222222222222222,0.4444444444444444,7,10.444444444444445,0.49999999999999994,0.8660254037844387,1,1,4,1,0,0,0,0,10.551724137931034,10.357142857142858,9.962962962962964,9.38888888888889,10.2183908045977,9.78218390804598,0.0,0.2886362760227298,0.9524729083552612,3.0
Navrangpura,2023,2,3,3.3333333333333335,0.6666666666666666,0.0,0.3333333333333333,1.0,0.0,0.6666666666666666,0.3333333333333333,2,16.333333333333332,0.8660254037844386,0.5000000000000001,1,0,4,1,0,0,0,0,9.0,10.357142857142858,9.962962962962964,9.38888888888889,9.0,9.0,0.0,-0.6666666666666667,0.9524729083552612,8.0
Navrangpura,2023,3,8,2.125,0.0,0.375,0.25,0.5,0.0,0.375,0.375,7,13.375,1.0,6.123233995736766e-17,1,1,4,1,0,0,0,0,3.0,9.0,9.962962962962964,9.38888888888889,6.0,6.0,4.242640687119285,1.6666666666666665,0.9524729083552612,11.0
Navrangpura,2023,4,11,1.7272727272727273,0.0,0.18181818181818182,0.2727272727272727,0.18181818181818182,0.0,0.09090909090909091,0.7272727272727273,8,10.818181818181818,0.8660254037844387,-0.4999999999999998,2,0,4,1,0,0,0,0,8.0,3.0,9.0,9.38888888888889,6.666666666666667,6.666666666666667,3.214550253664318,0.375,0.9524729083552612,7.0
Navrangpura,2023,5,7,1.5714285714285714,0.0,0.14285714285714285,0.0,0.14285714285714285,0.0,0.2857142857142857,0.5714285714285714,5,12.714285714285714,0.49999999999999994,-0.8660254037844387,2,0,4,1,0,0,0,0,11.0,8.0,3.0,9.38888888888889,7.333333333333333,7.75,4.041451884327381,-0.36363636363636365,0.9524729083552612,8.0
Navrangpura,2023,6,8,2.375,0.125,0.375,0.375,0.5,0.0,0.25,0.375,5,15.375,1.2246467991473532e-16,-1.0,2,0,4,1,0,0,0,0,7.0,11.0,8.0,9.38888888888889,8.666666666666666,7.6,2.0816659994661326,0.1428571428571428,0.9524729083552612,6.0
Navrangpura,2023,7,6,2.1666666666666665,0.0,0.5,0.6666666666666666,0.5,0.0,0.3333333333333333,0.3333333333333333,6,6.833333333333333,-0.4999999999999997,-0.8660254037844388,3,0,4,1,0,0,0,0,8.0,7.0,11.0,9.38888888888889,8.666666666666666,7.666666666666667,2.0816659994661326,-0.25,0.9524729083552612,3.0
Navrangpura,2023,8,3,2.3333333333333335,0.0,0.6666666666666666,0.3333333333333333,0.3333333333333333,0.0,0.0,0.3333333333333333,3,12.0,-0.8660254037844385,-0.5000000000000004,3,0,4,1,0,0,0,0,6.0,8.0,7.0,9.38888888888889,7.0,7.166666666666667,0.9999999999999977,-0.5,0.9524729083552612,4.0
Navrangpura,2023,9,4,1.75,0.0,0.25,0.25,0.25,0.0,0.0,0.75,3,9.5,-1.0,-1.8369701987210297e-16,3,0,4,1,0,0,0,0,3.0,6.0,8.0,9.38888888888889,5.666666666666667,7.166666666666667,2.5166114784235813,0.33333333333333326,0.9524729083552612,4.0
Navrangpura,2023,10,4,1.75,0.0,0.0,0.25,0.25,0.25,0.25,0.5,4,16.75,-0.8660254037844386,0.5000000000000001,4,1,4,1,0,0,0,0,4.0,3.0,6.0,9.38888888888889,4.333333333333333,6.5,1.5275252316519414,0.0,0.9524729083552612,17.0
Navrangpura,2023,11,17,2.588235294117647,0.17647058823529413,0.35294117647058826,0.17647058823529413,0.23529411764705882,0.29411764705882354,0.4117647058823529,0.23529411764705882,11,11.294117647058824,-0.5000000000000004,0.8660254037844384,4,1,4,1,0,0,0,0,4.0,4.0,3.0,9.38888888888889,3.6666666666666665,5.333333333333333,0.5773502691896101,3.25,0.9524729083552612,9.0
Navrangpura,2023,12,9,2.6666666666666665,0.4444444444444444,0.0,0.2222222222222222,0.2222222222222222,0.0,0.3333333333333333,0.3333333333333333,8,12.11111111111111,-2.4492935982947064e-16,1.0,4,1,4,1,0,0,0,0,17.0,4.0,4.0,9.38888888888889,8.333333333333334,7.0,7.505553499465136,-0.47058823529411764,0.9524729083552612,18.0
Navrangpura,2024,1,18,2.0,0.05555555555555555,0.2222222222222222,0.16666666666666666,0.2222222222222222,0.16666666666666666,0.1111111111111111,0.4444444444444444,9,14.222222222222221,0.49999999999999994,0.8660254037844387,1,1,4,1,0,0,0,0,9.0,17.0,4.0,9.0,10.0,7.166666666666667,6.557438524302002,1.0,1.0,21.0
Navrangpura,2024,2,21,2.3333333333333335,0.14285714285714285,0.14285714285714285,0.23809523809523808,0.42857142857142855,0.0,0.38095238095238093,0.42857142857142855,11,11.238095238095237,0.8660254037844386,0.5000000000000001,1,0,4,1,0,0,0,0,18.0,9.0,17.0,3.0,14.666666666666666,9.166666666666666,4.9328828623162515,0.16666666666666674,6.0,12.0
Navrangpura,2024,3,12,2.3333333333333335,0.16666666666666666,0.3333333333333333,0.16666666666666666,0.3333333333333333,0.08333333333333333,0.4166666666666667,0.5,8,11.583333333333334,1.0,6.123233995736766e-17,1,1,4,1,0,0,0,0,21.0,18.0,9.0,8.0,16.0,12.166666666666666,6.244997998398402,-0.4285714285714286,0.5,4.0
Navrangpura,2024,4,4,2.0,0.0,0.25,0.0,0.0,0.0,0.0,0.5,4,10.0,0.8660254037844387,-0.4999999999999998,2,0,4,1,0,0,0,0,12.0,21.0,18.0,11.0,17.0,13.5,4.582575694955845,-0.6666666666666667,-0.6363636363636364,11.0
Navrangpura,2024,5,11,2.5454545454545454,0.18181818181818182,0.36363636363636365,0.18181818181818182,0.18181818181818182,0.0,0.2727272727272727,0.2727272727272727,8,12.0,0.49999999999999994,-0.8660254037844387,2,0,4,1,0,0,0,0,4.0,12.0,21.0,7.0,12.333333333333334,13.5,8.504900548115382,1.75,0.5714285714285714,14.0
Navrangpura,2024,6,14,2.5714285714285716,0.2857142857142857,0.2857142857142857,0.21428571428571427,0.42857142857142855,0.0,0.35714285714285715,0.35714285714285715,9,13.571428571428571,1.2246467991473532e-16,-1.0,2,0,4,1,0,0,0,0,11.0,4.0,12.0,8.0,9.0,12.5,4.358898943540666,0.2727272727272727,0.75,3.0
Navrangpura,2024,7,3,2.0,0.3333333333333333,0.0,0.0,0.3333333333333333,0.0,0.3333333333333333,0.0,2,16.0,-0.4999999999999997,-0.8660254037844388,3,0,4,1,0,0,0,0,14.0,11.0,4.0,6.0,9.666666666666666,13.333333333333334,5.131601439446879,-0.7857142857142857,-0.5,9.0
Navrangpura,2024,8,9,2.4444444444444446,0.1111111111111111,0.2222222222222222,0.3333333333333333,0.1111111111111111,0.0,0.1111111111111111,0.6666666666666666,5,15.0,-0.8660254037844385,-0.5000000000000004,3,0,4,1,0,0,0,0,3.0,14.0,11.0,3.0,9.333333333333334,10.833333333333334,5.686240703077321,2.0,2.0,7.0
Navrangpura,2024,9,7,2.2857142857142856,0.14285714285714285,0.14285714285714285,0.42857142857142855,0.5714285714285714,0.0,0.2857142857142857,0.42857142857142855,5,11.714285714285714,-1.0,-1.8369701987210297e-16,3,0,4,1,0,0,0,0,9.0,3.0,14.0,4.0,8.666666666666666,8.833333333333334,5.507570547286095,-0.2222222222222222,0.75,14.0
Navrangpura,2024,10,14,2.5,0.14285714285714285,0.5,0.14285714285714285,0.2857142857142857,0.5714285714285714,0.5,0.42857142857142855,9,11.928571428571429,-0.8660254037844386,0.5000000000000001,4,1,4,1,0,0,0,0,7.0,9.0,3.0,4.0,6.333333333333333,8.0,3.0550504633038726,1.0,2.5,10.0
Navrangpura,2024,11,10,1.4,0.0,0.0,0.2,0.1,0.1,0.1,0.6,6,13.4,-0.5000000000000004,0.8660254037844384,4,1,4,1,0,0,0,0,14.0,7.0,9.0,17.0,10.0,9.666666666666666,3.6055512754639825,-0.2857142857142857,-0.4117647058823529,11.0
Navrangpura,2024,12,11,2.3636363636363638,0.18181818181818182,0.2727272727272727,0.18181818181818182,0.5454545454545454,0.09090909090909091,0.18181818181818182,0.5454545454545454,9,14.090909090909092,-2.4492935982947064e-16,1.0,4,1,4,1,0,0,0,0,10.0,14.0,7.0,9.0,10.333333333333334,9.5,3.5118845842842403,0.10000000000000009,0.22222222222222232,23.0
Navrangpura,2025,1,23,2.347826086956522,0.08695652173913043,0.391304347826087,0.17391304347826086,0.21739130434782608,0.2608695652173913,0.08695652173913043,0.6086956521739131,10,12.130434782608695,0.49999999999999994,0.8660254037844387,1,1,4,1,0,0,0,0,11.0,10.0,14.0,18.0,11.666666666666666,9.0,2.081665999466129,1.0909090909090908,0.2777777777777777,10.0
Navrangpura,2025,2,10,2.2,0.2,0.1,0.2,0.1,0.0,0.1,0.8,6,9.2,0.8660254037844386,0.5000000000000001,1,0,4,1,0,0,0,0,23.0,11.0,10.0,21.0,14.666666666666666,12.333333333333334,7.234178138070238,-0.5652173913043479,-0.5238095238095238,13.0
Navrangpura,2025,3,13,2.1538461538461537,0.07692307692307693,0.3076923076923077,0.3076923076923077,0.3076923076923077,0.23076923076923078,0.0,0.6923076923076923,6,11.307692307692308,1.0,6.123233995736766e-17,1,1,4,1,0,0,0,0,10.0,23.0,11.0,12.0,14.666666666666666,12.5,7.234178138070238,0.30000000000000004,0.08333333333333326,21.0
Navrangpura,2025,4,21,2.5238095238095237,0.19047619047619047,0.23809523809523808,0.2857142857142857,0.3333333333333333,0.0,0.23809523809523808,0.3333333333333333,12,11.238095238095237,0.8660254037844387,-0.4999999999999998,2,0,4,1,0,0,0,0,13.0,10.0,23.0,4.0,15.333333333333334,13.5,6.806859285554049,0.6153846153846154,4.25,16.0
Navrangpura,2025,5,16,2.0625,0.0625,0.3125,0.0625,0.3125,0.0,0.375,0.4375,8,12.3125,0.49999999999999994,-0.8660254037844387,2,0,4,1,0,0,0,0,21.0,13.0,10.0,11.0,14.666666666666666,14.666666666666666,5.68624070307733,-0.23809523809523814,0.4545454545454546,12.0
Navrangpura,2025,6,12,2.0,0.08333333333333333,0.3333333333333333,0.4166666666666667,0.25,0.0,0.08333333333333333,0.75,7,8.0,1.2246467991473532e-16,-1.0,2,0,4,1,0,0,0,0,16.0,21.0,13.0,14.0,16.666666666666668,15.666666666666666,4.0414518843273886,-0.25,-0.1428571428571429,1.0
Nikol,2023,1,15,2.6666666666666665,0.2,0.4,0.3333333333333333,0.2,0.0,0.2,0.6,9,9.533333333333333,0.49999999999999994,0.8660254037844387,1,1,7,0,1,0,0,0,16.24137931034483,16.142857142857142,15.74074074074074,13.666666666666666,15.988505747126437,15.26609195402299,0.0,0.09591571122384662,0.3817080162188857,11.0
Nikol,2023,2,11,2.5454545454545454,0.36363636363636365,0.09090909090909091,0.36363636363636365,0.45454545454545453,0.0,0.36363636363636365,0.36363636363636365,8,14.0,0.8660254037844386,0.5000000000000001,1,0,7,0,1,0,0,0,15.0,16.142857142857142,15.74074074074074,13.666666666666666,15.0,15.0,0.0,-0.2666666666666667,0.3817080162188857,13.0
Nikol,2023,3,13,2.230769230769231,0.07692307692307693,0.38461538461538464,0.15384615384615385,0.23076923076923078,0.23076923076923078,0.38461538461538464,0.23076923076923078,10,13.538461538461538,1.0,6.123233995736766e-17,1,1,7,0,1,0,0,0,11.0,15.0,15.74074074074074,13.666666666666666,13.0,13.0,2.8284271247461903,0.18181818181818188,0.3817080162188857,14.0
Nikol,2023,4,14,2.0,0.07142857142857142,0.14285714285714285,0.35714285714285715,0.35714285714285715,0.0,0.35714285714285715,0.42857142857142855,9,10.428571428571429,0.8660254037844387,-0.4999999999999998,2,0,7,0,1,0,0,0,13.0,11.0,15.0,13.666666666666666,13.0,13.0,2.0,0.07692307692307687,0.3817080162188857,11.0
Nikol,2023,5,11,2.5454545454545454,0.18181818181818182,0.2727272727272727,0.18181818181818182,0.36363636363636365,0.0,0.45454545454545453,0.5454545454545454,5,13.272727272727273,0.49999999999999994,-0.8660254037844387,2,0,7,0,1,0,0,0,14.0,13.0,11.0,13.666666666666666,12.666666666666666,13.25,1.5275252316519468,-0.2142857142857143,0.3817080162188857,10.0
Nikol,2023,6,10,2.5,0.0,0.6,0.5,0.2,0.0,0.5,0.2,6,12.5,1.2246467991473532e-16,-1.0,2,0,7,0,1,0,0,0,11.0,14.0,13.0,13.666666666666666,12.666666666666666,12.8,1.5275252316519468,-0.09090909090909094,0.3817080162188857,13.0
Nikol,2023,7,13,2.0,0.07692307692307693,0.15384615384615385,0.07692307692307693,0.3076923076923077,0.0,0.15384615384615385,0.6153846153846154,8,16.692307692307693,-0.4999999999999997,-0.8660254037844388,3,0,7,0,1,0,0,0,10.0,11.0,14.0,13.666666666666666,11.666666666666666,12.333333333333334,2.0816659994661326,0.30000000000000004,0.3817080162188857,10.0
Nikol,2023,8,10,2.2,0.0,0.4,0.5,0.1,0.0,0.3,0.6,5,9.7,-0.8660254037844385,-0.5000000000000004,3,0,7,0,1,0,0,0,13.0,10.0,11.0,13.666666666666666,11.333333333333334,12.0,1.527525231651946,-0.23076923076923073,0.3817080162188857,10.0
Nikol,2023,9,10,2.9,0.3,0.3,0.1,0.3,0.0,0.7,0.1,6,12.6,-1.0,-1.8369701987210297e-16,3,0,7,0,1,0,0,0,10.0,13.0,10.0,13.666666666666666,11.0,11.833333333333334,1.7320508075688767,0.0,0.3817080162188857,16.0
Nikol,2023,10,16,2.875,0.3125,0.375,0.125,0.25,0.0625,0.3125,0.3125,11,11.3125,-0.8660254037844386,0.5000000000000001,4,1,7,0,1,0,0,0,10.0,10.0,13.0,13.666666666666666,11.0,11.333333333333334,1.7320508075688767,0.6000000000000001,0.3817080162188857,13.0
Nikol,2023,11,13,2.1538461538461537,0.0,0.38461538461538464,0.38461538461538464,0.15384615384615385,0.23076923076923078,0.38461538461538464,0.23076923076923078,8,15.0,-0.5000000000000004,0.8660254037844384,4,1,7,0,1,0,0,0,16.0,10.0,10.0,13.666666666666666,12.0,11.666666666666666,3.4641016151377544,-0.1875,0.3817080162188857,11.0
Nikol,2023,12,11,2.3636363636363638,0.09090909090909091,0.45454545454545453,0.2727272727272727,0.36363636363636365,0.0,0.45454545454545453,0.2727272727272727,8,13.090909090909092,-2.4492935982947064e-16,1.0,4,1,7,0,1,0,0,0,13.0,16.0,10.0,13.666666666666666,13.0,12.0,3.0,-0.15384615384615385,0.3817080162188857,23.0
Nikol,2024,1,23,2.6956521739130435,0.17391304347826086,0.43478260869565216,0.391304347826087,0.17391304347826086,0.08695652173913043,0.2608695652173913,0.391304347826087,11,12.956521739130435,0.49999999999999994,0.8660254037844387,1,1,7,0,1,0,0,0,11.0,13.0,16.0,15.0,13.333333333333334,12.166666666666666,2.5166114784235836,1.0909090909090908,0.5333333333333334,11.0
Nikol,2024,2,11,2.909090909090909,0.18181818181818182,0.6363636363636364,0.18181818181818182,0.18181818181818182,0.0,0.2727272727272727,0.36363636363636365,7,12.363636363636363,0.8660254037844386,0.5000000000000001,1,0,7,0,1,0,0,0,23.0,11.0,13.0,11.0,15.666666666666666,13.833333333333334,6.429100507328637,-0.5217391304347826,0.0,22.0
Nikol,2024,3,22,2.1818181818181817,0.045454545454545456,0.2727272727272727,0.3181818181818182,0.22727272727272727,0.09090909090909091,0.36363636363636365,0.3181818181818182,10,12.227272727272727,1.0,6.123233995736766e-17,1,1,7,0,1,0,0,0,11.0,23.0,11.0,13.0,15.0,14.0,6.928203230275509,1.0,0.6923076923076923,18.0
Nikol,2024,4,18,2.3333333333333335,0.16666666666666666,0.2222222222222222,0.16666666666666666,0.2777777777777778,0.0,0.2222222222222222,0.5555555555555556,11,15.833333333333334,0.8660254037844387,-0.4999999999999998,2,0,7,0,1,0,0,0,22.0,11.0,23.0,14.0,18.666666666666668,16.0,6.6583281184793925,-0.18181818181818177,0.2857142857142858,14.0
Nikol,2024,5,14,2.357142857142857,0.21428571428571427,0.2857142857142857,0.21428571428571427,0.35714285714285715,0.0,0.2857142857142857,0.42857142857142855,7,12.071428571428571,0.49999999999999994,-0.8660254037844387,2,0,7,0,1,0,0,0,18.0,22.0,11.0,11.0,17.0,16.333333333333332,5.5677643628300215,-0.2222222222222222,0.2727272727272727,11.0
Nikol,2024,6,11,2.8181818181818183,0.18181818181818182,0.5454545454545454,0.2727272727272727,0.45454545454545453,0.0,0.45454545454545453,0.5454545454545454,7,10.090909090909092,1.2246467991473532e-16,-1.0,2,0,7,0,1,0,0,0,14.0,18.0,22.0,10.0,18.0,16.5,4.0,-0.2142857142857143,0.10000000000000009,11.0
Nikol,2024,7,11,2.6363636363636362,0.36363636363636365,0.2727272727272727,0.5454545454545454,0.36363636363636365,0.0,0.5454545454545454,0.18181818181818182,6,16.272727272727273,-0.4999999999999997,-0.8660254037844388,3,0,7,0,1,0,0,0,11.0,14.0,18.0,13.0,14.333333333333334,16.5,3.5118845842842465,0.0,-0.15384615384615385,11.0
Nikol,2024,8,11,2.272727272727273,0.18181818181818182,0.18181818181818182,0.36363636363636365,0.18181818181818182,0.0,0.18181818181818182,0.5454545454545454,8,11.818181818181818,-0.8660254037844385,-0.5000000000000004,3,0,7,0,1,0,0,0,11.0,11.0,14.0,10.0,12.0,14.5,1.7320508075688783,0.0,0.10000000000000009,11.0
Nikol,2024,9,11,2.4545454545454546,0.18181818181818182,0.36363636363636365,0.09090909090909091,0.2727272727272727,0.0,0.36363636363636365,0.5454545454545454,8,13.181818181818182,-1.0,-1.8369701987210297e-16,3,0,7,0,1,0,0,0,11.0,11.0,11.0,10.0,11.0,14.5,0.0,0.0,0.10000000000000009,19.0
Nikol,2024,10,19,2.1578947368421053,0.0,0.42105263157894735,0.05263157894736842,0.2631578947368421,0.3684210526315789,0.3157894736842105,0.3157894736842105,10,15.263157894736842,-0.8660254037844386,0.5000000000000001,4,1,7,0,1,0,0,0,11.0,11.0,11.0,16.0,11.0,12.666666666666666,0.0,0.7272727272727273,0.1875,22.0
Nikol,2024,11,22,2.1818181818181817,0.09090909090909091,0.22727272727272727,0.36363636363636365,0.2727272727272727,0.13636363636363635,0.4090909090909091,0.36363636363636365,12,12.045454545454545,-0.5000000000000004,0.8660254037844384,4,1,7,0,1,0,0,0,19.0,11.0,11.0,13.0,13.666666666666666,12.833333333333334,4.618802153517007,0.1578947368421053,0.6923076923076923,19.0
Nikol,2024,12,19,2.1578947368421053,0.15789473684210525,0.15789473684210525,0.15789473684210525,0.3157894736842105,0.0,0.3157894736842105,0.42105263157894735,8,12.210526315789474,-2.4492935982947064e-16,1.0,4,1,7,0,1,0,0,0,22.0,19.0,11.0,11.0,17.333333333333332,14.166666666666666,5.686240703077328,-0.13636363636363635,0.7272727272727273,35.0
Nikol,2025,1,35,2.5142857142857142,0.11428571428571428,0.42857142857142855,0.2571428571428571,0.2571428571428571,0.05714285714285714,0.2571428571428571,0.5428571428571428,14,10.457142857142857,0.49999999999999994,0.8660254037844387,1,1,7,0,1,0,0,0,19.0,22.0,19.0,23.0,20.0,15.5,1.7320508075688814,0.8421052631578947,0.5217391304347827,16.0
Nikol,2025,2,16,2.3125,0.25,0.125,0.25,0.25,0.0,0.375,0.375,13,13.4375,0.8660254037844386,0.5000000000000001,1,0,7,0,1,0,0,0,35.0,19.0,22.0,11.0,25.333333333333332,19.5,8.504900548115383,-0.5428571428571429,0.4545454545454546,35.0
Nikol,2025,3,35,2.5428571428571427,0.22857142857142856,0.2571428571428571,0.2,0.5142857142857142,0.05714285714285714,0.34285714285714286,0.42857142857142855,13,11.342857142857143,1.0,6.123233995736766e-17,1,1,7,0,1,0,0,0,16.0,35.0,19.0,22.0,23.333333333333332,20.333333333333332,10.21436896402971,1.1875,0.5909090909090908,27.0
Nikol,2025,4,27,2.4074074074074074,0.14814814814814814,0.37037037037037035,0.25925925925925924,0.2222222222222222,0.0,0.37037037037037035,0.48148148148148145,12,12.555555555555555,0.8660254037844387,-0.4999999999999998,2,0,7,0,1,0,0,0,35.0,16.0,35.0,18.0,28.666666666666668,24.333333333333332,10.96965511460289,-0.22857142857142854,0.5,19.0
Nikol,2025,5,19,2.3157894736842106,0.05263157894736842,0.47368421052631576,0.3684210526315789,0.3684210526315789,0.0,0.47368421052631576,0.47368421052631576,9,15.052631578947368,0.49999999999999994,-0.8660254037844387,2,0,7,0,1,0,0,0,27.0,35.0,16.0,14.0,26.0,25.666666666666668,9.539392014169458,-0.2962962962962963,0.3571428571428572,21.0
Nikol,2025,6,21,1.8571428571428572,0.047619047619047616,0.09523809523809523,0.2857142857142857,0.23809523809523808,0.0,0.23809523809523808,0.47619047619047616,12,14.571428571428571,1.2246467991473532e-16,-1.0,2,0,7,0,1,0,0,0,19.0,27.0,35.0,11.0,27.0,25.166666666666668,8.000000000000002,0.10526315789473695,0.9090909090909092,1.0
Paldi,2023,1,15,2.066666666666667,0.06666666666666667,0.13333333333333333,0.2,0.26666666666666666,0.13333333333333333,0.06666666666666667,0.6,7,14.8,0.49999999999999994,0.8660254037844387,1,1,5,0,0,0,1,0,12.172413793103448,11.821428571428571,11.407407407407407,9.833333333333334,11.885057471264366,11.352298850574712,0.0,0.16947610374169556,0.5837431858265192,9.0
Paldi,2023,2,9,2.3333333333333335,0.2222222222222222,0.2222222222222222,0.4444444444444444,0.4444444444444444,0.0,0.3333333333333333,0.5555555555555556,8,14.0,0.8660254037844386,0.5000000000000001,1,0,5,0,0,0,1,0,15.0,11.821428571428571,11.407407407407407,9.833333333333334,15.0,15.0,0.0,-0.4,0.5837431858265192,9.0
Paldi,2023,3,9,2.2222222222222223,0.2222222222222222,0.1111111111111111,0.2222222222222222,0.1111111111111111,0.0,0.2222222222222222,0.3333333333333333,7,13.555555555555555,1.0,6.123233995736766e-17,1,1,5,0,0,0,1,0,9.0,15.0,11.407407407407407,9.833333333333334,12.0,12.0,4.242640687119285,0.0,0.5837431858265192,16.0
Paldi,2023,4,16,1.875,0.0625,0.1875,0.4375,0.5,0.0,0.1875,0.6875,10,11.9375,0.8660254037844387,-0.4999999999999998,2,0,5,0,0,0,1,0,9.0,9.0,15.0,9.833333333333334,11.0,11.0,3.4641016151377544,0.7777777777777777,0.5837431858265192,15.0
Paldi,2023,5,15,2.8666666666666667,0.26666666666666666,0.3333333333333333,0.4,0.4,0.0,0.4666666666666667,0.3333333333333333,8,12.533333333333333,0.49999999999999994,-0.8660254037844387,2,0,5,0,0,0,1,0,16.0,9.0,9.0,9.833333333333334,11.333333333333334,12.25,4.041451884327381,-0.0625,0.5837431858265192,2.0
Paldi,2023,6,2,2.5,0.0,0.5,0.0,0.5,0.0,0.5,0.5,2,14.0,1.2246467991473532e-16,-1.0,2,0,5,0,0,0,1,0,15.0,16.0,9.0,9.833333333333334,13.333333333333334,12.8,3.785938897200182,-0.8666666666666667,0.5837431858265192,9.0
Paldi,2023,7,9,2.4444444444444446,0.0,0.5555555555555556,0.5555555555555556,0.4444444444444444,0.0,0.1111111111111111,0.5555555555555556,7,11.88888888888889,-0.4999999999999997,-0.8660254037844388,3,0,5,0,0,0,1,0,2.0,15.0,16.0,9.833333333333334,11.0,11.0,7.810249675906654,3.5,0.5837431858265192,11.0
Paldi,2023,8,11,2.272727272727273,0.0,0.45454545454545453,0.45454545454545453,0.2727272727272727,0.0,0.09090909090909091,0.8181818181818182,6,10.727272727272727,-0.8660254037844385,-0.5000000000000004,3,0,5,0,0,0,1,0,9.0,2.0,15.0,9.833333333333334,8.666666666666666,10.0,6.506407098647712,0.22222222222222232,0.5837431858265192,6.0
Paldi,2023,9,6,2.8333333333333335,0.16666666666666666,0.5,0.16666666666666666,0.0,0.0,0.3333333333333333,0.6666666666666666,5,11.833333333333334,-1.0,-1.8369701987210297e-16,3,0,5,0,0,0,1,0,11.0,9.0,2.0,9.833333333333334,7.333333333333333,10.333333333333334,4.725815626252608,-0.4545454545454546,0.5837431858265192,12.0
Paldi,2023,10,12,2.4166666666666665,0.08333333333333333,0.4166666666666667,0.25,0.25,0.4166666666666667,0.3333333333333333,0.4166666666666667,9,12.583333333333334,-0.8660254037844386,0.5000000000000001,4,1,5,0,0,0,1,0,6.0,11.0,9.0,9.833333333333334,8.666666666666666,9.833333333333334,2.5166114784235822,1.0,0.5837431858265192,11.0
Paldi,2023,11,11,2.5454545454545454,0.09090909090909091,0.45454545454545453,0.36363636363636365,0.18181818181818182,0.18181818181818182,0.2727272727272727,0.6363636363636364,6,13.181818181818182,-0.5000000000000004,0.8660254037844384,4,1,5,0,0,0,1,0,12.0,6.0,11.0,9.833333333333334,9.666666666666666,9.166666666666666,3.2145502536643176,-0.08333333333333337,0.5837431858265192,13.0
Paldi,2023,12,13,2.076923076923077,0.07692307692307693,0.23076923076923078,0.23076923076923078,0.3076923076923077,0.15384615384615385,0.3076923076923077,0.38461538461538464,9,10.76923076923077,-2.4492935982947064e-16,1.0,4,1,5,0,0,0,1,0,11.0,12.0,6.0,9.833333333333334,9.666666666666666,8.5,3.2145502536643176,0.18181818181818188,0.5837431858265192,12.0
Paldi,2024,1,12,2.25,0.0,0.3333333333333333,0.0,0.4166666666666667,0.25,0.3333333333333333,0.3333333333333333,8,13.583333333333334,0.49999999999999994,0.8660254037844387,1,1,5,0,0,0,1,0,13.0,11.0,12.0,15.0,12.0,10.333333333333334,0.9999999999999982,-0.07692307692307687,-0.19999999999999996,8.0
Paldi,2024,2,8,2.125,0.25,0.0,0.25,0.25,0.0,0.0,0.375,6,17.75,0.8660254037844386,0.5000000000000001,1,0,5,0,0,0,1,0,12.0,13.0,11.0,9.0,12.0,10.833333333333334,0.9999999999999982,-0.33333333333333337,-0.11111111111111116,7.0
Paldi,2024,3,7,2.2857142857142856,0.14285714285714285,0.2857142857142857,0.42857142857142855,0.2857142857142857,0.42857142857142855,0.0,0.2857142857142857,4,11.857142857142858,1.0,6.123233995736766e-17,1,1,5,0,0,0,1,0,8.0,12.0,13.0,9.0,11.0,10.333333333333334,2.64575131106459,-0.125,-0.2222222222222222,9.0
Paldi,2024,4,9,2.111111111111111,0.0,0.4444444444444444,0.5555555555555556,0.4444444444444444,0.0,0.1111111111111111,0.5555555555555556,7,14.444444444444445,0.8660254037844387,-0.4999999999999998,2,0,5,0,0,0,1,0,7.0,8.0,12.0,16.0,9.0,10.5,2.64575131106459,0.2857142857142858,-0.4375,8.0
Paldi,2024,5,8,2.25,0.0,0.5,0.125,0.375,0.0,0.375,0.375,7,14.75,0.49999999999999994,-0.8660254037844387,2,0,5,0,0,0,1,0,9.0,7.0,8.0,15.0,8.0,10.0,0.9999999999999982,-0.11111111111111116,-0.4666666666666667,5.0
Paldi,2024,6,5,2.0,0.2,0.0,0.4,0.4,0.0,0.2,0.8,4,8.0,1.2246467991473532e-16,-1.0,2,0,5,0,0,0,1,0,8.0,9.0,7.0,2.0,8.0,9.5,0.9999999999999982,-0.375,1.5,8.0
Paldi,2024,7,8,2.625,0.125,0.375,0.125,0.125,0.0,0.0,0.5,4,14.625,-0.4999999999999997,-0.8660254037844388,3,0,5,0,0,0,1,0,5.0,8.0,9.0,9.0,7.333333333333333,8.166666666666666,2.0816659994661317,0.6000000000000001,-0.11111111111111116,9.0
Paldi,2024,8,9,1.7777777777777777,0.0,0.2222222222222222,0.3333333333333333,0.3333333333333333,0.0,0.1111111111111111,0.6666666666666666,7,13.222222222222221,-0.8660254037844385,-0.5000000000000004,3,0,5,0,0,0,1,0,8.0,5.0,8.0,11.0,7.0,7.5,1.732050807568876,0.125,-0.18181818181818177,10.0
Paldi,2024,9,10,2.3,0.1,0.4,0.0,0.4,0.0,0.3,0.4,8,14.6,-1.0,-1.8369701987210297e-16,3,0,5,0,0,0,1,0,9.0,8.0,5.0,6.0,7.333333333333333,7.666666666666667,2.0816659994661317,0.11111111111111116,0.6666666666666667,19.0
Paldi,2024,10,19,2.0,0.15789473684210525,0.15789473684210525,0.3684210526315789,0.05263157894736842,0.42105263157894735,0.2631578947368421,0.3684210526315789,12,11.842105263157896,-0.8660254037844386,0.5000000000000001,4,1,5,0,0,0,1,0,10.0,9.0,8.0,12.0,9.0,8.166666666666666,0.9999999999999982,0.8999999999999999,0.5833333333333333,14.0
Paldi,2024,11,14,2.2142857142857144,0.14285714285714285,0.2857142857142857,0.2857142857142857,0.5,0.21428571428571427,0.5714285714285714,0.2857142857142857,10,11.571428571428571,-0.5000000000000004,0.8660254037844384,4,1,5,0,0,0,1,0,19.0,10.0,9.0,11.0,12.666666666666666,9.833333333333334,5.507570547286102,-0.26315789473684215,0.2727272727272727,13.0
Paldi,2024,12,13,2.4615384615384617,0.15384615384615385,0.3076923076923077,0.46153846153846156,0.23076923076923078,0.07692307692307693,0.3076923076923077,0.5384615384615384,9,8.23076923076923,-2.4492935982947064e-16,1.0,4,1,5,0,0,0,1,0,14.0,19.0,10.0,13.0,14.333333333333334,10.833333333333334,4.509249752822894,-0.0714285714285714,0.0,11.0
Paldi,2025,1,11,2.0,0.0,0.2727272727272727,0.09090909090909091,0.18181818181818182,0.09090909090909091,0.09090909090909091,0.45454545454545453,8,12.181818181818182,0.49999999999999994,0.8660254037844387,1,1,5,0,0,0,1,0,13.0,14.0,19.0,12.0,15.333333333333334,12.166666666666666,3.214550253664318,-0.15384615384615385,-0.08333333333333337,18.0
Paldi,2025,2,18,2.111111111111111,0.1111111111111111,0.16666666666666666,0.16666666666666666,0.3333333333333333,0.0,0.3888888888888889,0.16666666666666666,9,15.333333333333334,0.8660254037844386,0.5000000000000001,1,0,5,0,0,0,1,0,11.0,13.0,14.0,8.0,12.666666666666666,12.666666666666666,1.5275252316519459,0.6363636363636365,1.25,29.0
Paldi,2025,3,29,2.2758620689655173,0.10344827586206896,0.27586206896551724,0.3448275862068966,0.3103448275862069,0.06896551724137931,0.41379310344827586,0.41379310344827586,13,12.241379310344827,1.0,6.123233995736766e-17,1,1,5,0,0,0,1,0,18.0,11.0,13.0,7.0,14.0,14.166666666666666,3.6055512754639887,0.6111111111111112,3.1428571428571432,23.0
Paldi,2025,4,23,2.347826086956522,0.21739130434782608,0.13043478260869565,0.17391304347826086,0.30434782608695654,0.0,0.30434782608695654,0.5217391304347826,12,13.434782608695652,0.8660254037844387,-0.4999999999999998,2,0,5,0,0,0,1,0,29.0,18.0,11.0,9.0,19.333333333333332,17.333333333333332,9.073771725877467,-0.2068965517241379,1.5555555555555554,22.0
Paldi,2025,5,22,2.5,0.22727272727272727,0.2727272727272727,0.18181818181818182,0.13636363636363635,0.0,0.36363636363636365,0.5454545454545454,9,14.681818181818182,0.49999999999999994,-0.8660254037844387,2,0,5,0,0,0,1,0,23.0,29.0,18.0,8.0,23.333333333333332,18.0,5.507570547286103,-0.04347826086956519,1.75,13.0
Paldi,2025,6,13,1.7692307692307692,0.0,0.23076923076923078,0.3076923076923077,0.07692307692307693,0.0,0.15384615384615385,0.6153846153846154,8,14.846153846153847,1.2246467991473532e-16,-1.0,2,0,5,0,0,0,1,0,22.0,23.0,29.0,5.0,24.666666666666668,19.333333333333332,3.785938897200185,-0.40909090909090906,1.6,1.0
Prahlad Nagar,2023,1,2,1.5,0.0,0.0,1.0,0.0,0.0,0.0,1.0,2,3.0,0.49999999999999994,0.8660254037844387,1,1,2,0,0,0,0,1,4.37037037037037,4.153846153846154,3.88,3.6875,4.067901234567901,3.76358024691358,0.0,0.1488669766447544,0.6253720238095237,3.0
Prahlad Nagar,2023,3,3,1.6666666666666667,0.0,0.0,0.3333333333333333,0.0,0.0,0.0,0.6666666666666666,3,13.666666666666666,1.0,6.123233995736766e-17,1,1,2,0,0,0,0,1,2.0,4.153846153846154,3.88,3.6875,2.0,2.0,0.0,0.5,0.6253720238095237,2.0
Prahlad Nagar,2023,4,2,3.5,0.5,0.5,0.0,0.0,0.0,0.5,0.5,2,17.5,0.8660254037844387,-0.4999999999999998,2,0,2,0,0,0,0,1,3.0,2.0,3.88,3.6875,2.5,2.5,0.7071067811865476,-0.33333333333333337,0.6253720238095237,2.0
Prahlad Nagar,2023,5,2,2.5,0.5,0.0,0.5,0.0,0.0,0.5,0.5,2,17.0,0.49999999999999994,-0.8660254037844387,2,0,2,0,0,0,0,1,2.0,3.0,2.0,3.6875,2.3333333333333335,2.3333333333333335,0.5773502691896258,0.0,0.6253720238095237,2.0
Prahlad Nagar,2023,6,2,2.5,0.5,0.0,0.0,1.0,0.0,0.5,0.5,2,14.5,1.2246467991473532e-16,-1.0,2,0,2,0,0,0,0,1,2.0,2.0,3.0,3.6875,2.3333333333333335,2.25,0.5773502691896258,0.0,0.6253720238095237,3.0
Prahlad Nagar,2023,7,3,1.3333333333333333,0.0,0.0,0.3333333333333333,0.3333333333333333,0.0,0.0,1.0,3,7.666666666666667,-0.4999999999999997,-0.8660254037844388,3,0,2,0,0,0,0,1,2.0,2.0,2.0,3.6875,2.0,2.2,0.0,0.5,0.6253720238095237,3.0
Prahlad Nagar,2023,8,3,2.3333333333333335,0.3333333333333333,0.0,0.6666666666666666,0.3333333333333333,0.0,0.6666666666666666,0.0,3,4.333333333333333,-0.8660254037844385,-0.5000000000000004,3,0,2,0,0,0,0,1,3.0,2.0,2.0,3.6875,2.3333333333333335,2.3333333333333335,0.5773502691896257,0.0,0.6253720238095237,3.0
Prahlad Nagar,2023,9,3,1.3333333333333333,0.0,0.0,0.0,0.0,0.0,0.3333333333333333,0.3333333333333333,3,17.0,-1.0,-1.8369701987210297e-16,3,0,2,0,0,0,0,1,3.0,3.0,2.0,3.6875,2.6666666666666665,2.5,0.5773502691896257,0.0,0.6253720238095237,3.0
Prahlad Nagar,2023,10,3,2.6666666666666665,0.3333333333333333,0.3333333333333333,0.0,0.0,0.6666666666666666,0.0,0.3333333333333333,3,13.333333333333334,-0.8660254037844386,0.5000000000000001,4,1,2,0,0,0,0,1,3.0,3.0,3.0,3.6875,3.0,2.5,0.0,0.0,0.6253720238095237,3.0
Prahlad Nagar,2023,11,3,3.0,0.3333333333333333,0.3333333333333333,0.3333333333333333,0.3333333333333333,0.3333333333333333,0.3333333333333333,0.6666666666666666,3,5.0,-0.5000000000000004,0.8660254037844384,4,1,2,0,0,0,0,1,3.0,3.0,3.0,3.6875,3.0,2.6666666666666665,0.0,0.0,0.6253720238095237,4.0
Prahlad Nagar,2023,12,4,2.5,0.25,0.25,0.5,0.0,0.0,0.25,0.75,4,17.0,-2.4492935982947064e-16,1.0,4,1,2,0,0,0,0,1,3.0,3.0,3.0,3.6875,3.0,2.8333333333333335,0.0,0.33333333333333326,0.6253720238095237,7.0
Prahlad Nagar,2024,1,7,2.4285714285714284,0.14285714285714285,0.42857142857142855,0.2857142857142857,0.14285714285714285,0.0,0.14285714285714285,0.2857142857142857,6,14.285714285714286,0.49999999999999994,0.8660254037844387,1,1,2,0,0,0,0,1,4.0,3.0,3.0,3.6875,3.3333333333333335,3.1666666666666665,0.5773502691896257,0.75,0.6253720238095237,8.0
Prahlad Nagar,2024,2,8,2.125,0.125,0.25,0.5,0.375,0.0,0.125,0.75,4,11.75,0.8660254037844386,0.5000000000000001,1,0,2,0,0,0,0,1,7.0,4.0,3.0,2.0,4.666666666666667,3.8333333333333335,2.0816659994661326,0.1428571428571428,3.0,4.0
Prahlad Nagar,2024,3,4,2.75,0.25,0.25,0.25,0.25,0.0,0.5,0.5,4,15.0,1.0,6.123233995736766e-17,1,1,2,0,0,0,0,1,8.0,7.0,4.0,3.0,6.333333333333333,4.666666666666667,2.0816659994661326,-0.5,0.33333333333333326,7.0
Prahlad Nagar,2024,4,7,2.0,0.14285714285714285,0.14285714285714285,0.14285714285714285,0.42857142857142855,0.0,0.14285714285714285,0.5714285714285714,5,16.571428571428573,0.8660254037844387,-0.4999999999999998,2,0,2,0,0,0,0,1,4.0,8.0,7.0,2.0,6.333333333333333,4.833333333333333,2.0816659994661326,0.75,2.5,3.0
Prahlad Nagar,2024,5,3,3.0,0.0,1.0,0.0,0.3333333333333333,0.0,0.0,0.6666666666666666,3,14.333333333333334,0.49999999999999994,-0.8660254037844387,2,0,2,0,0,0,0,1,7.0,4.0,8.0,2.0,6.333333333333333,5.5,2.0816659994661326,-0.5714285714285714,0.5,2.0
Prahlad Nagar,2024,6,2,4.0,1.0,0.0,0.0,0.0,0.0,1.0,0.0,1,9.5,1.2246467991473532e-16,-1.0,2,0,2,0,0,0,0,1,3.0,7.0,4.0,2.0,4.666666666666667,5.5,2.0816659994661326,-0.33333333333333337,0.0,3.0
Prahlad Nagar,2024,7,3,2.0,0.0,0.3333333333333333,0.0,0.0,0.0,0.0,0.6666666666666666,3,10.333333333333334,-0.4999999999999997,-0.8660254037844388,3,0,2,0,0,0,0,1,2.0,3.0,7.0,3.0,4.0,5.166666666666667,2.6457513110645907,0.5,0.0,3.0
Prahlad Nagar,2024,8,3,2.3333333333333335,0.0,0.3333333333333333,0.0,0.6666666666666666,0.0,0.0,0.3333333333333333,3,15.333333333333334,-0.8660254037844385,-0.5000000000000004,3,0,2,0,0,0,0,1,3.0,2.0,3.0,3.0,2.6666666666666665,4.5,0.5773502691896258,0.0,0.0,5.0
Prahlad Nagar,2024,9,5,1.8,0.0,0.2,0.0,0.2,0.0,0.2,0.4,4,14.8,-1.0,-1.8369701987210297e-16,3,0,2,0,0,0,0,1,3.0,3.0,2.0,3.0,2.6666666666666665,3.6666666666666665,0.5773502691896258,0.6666666666666667,0.6666666666666667,2.0
Prahlad Nagar,2024,10,2,3.0,0.0,1.0,1.0,0.5,0.0,0.0,1.0,2,2.0,-0.8660254037844386,0.5000000000000001,4,1,2,0,0,0,0,1,5.0,3.0,3.0,3.0,3.6666666666666665,3.8333333333333335,1.1547005383792517,-0.6,-0.33333333333333337,4.0
Prahlad Nagar,2024,11,4,2.5,0.0,0.75,0.5,0.25,0.0,0.0,1.0,2,7.75,-0.5000000000000004,0.8660254037844384,4,1,2,0,0,0,0,1,2.0,5.0,3.0,3.0,3.3333333333333335,3.0,1.5275252316519468,1.0,0.33333333333333326,5.0
Prahlad Nagar,2024,12,5,2.2,0.0,0.4,0.2,0.6,0.0,0.0,0.4,4,10.2,-2.4492935982947064e-16,1.0,4,1,2,0,0,0,0,1,4.0,2.0,5.0,4.0,3.6666666666666665,3.1666666666666665,1.5275252316519468,0.25,0.25,9.0
Prahlad Nagar,2025,1,9,2.6666666666666665,0.2222222222222222,0.2222222222222222,0.0,0.3333333333333333,0.1111111111111111,0.2222222222222222,0.5555555555555556,7,15.222222222222221,0.49999999999999994,0.8660254037844387,1,1,2,0,0,0,0,1,5.0,4.0,2.0,7.0,3.6666666666666665,3.6666666666666665,1.5275252316519468,0.8,0.2857142857142858,5.0
Prahlad Nagar,2025,2,5,2.2,0.0,0.4,0.0,0.0,0.0,0.2,0.6,4,16.4,0.8660254037844386,0.5000000000000001,1,0,2,0,0,0,0,1,9.0,5.0,4.0,8.0,6.0,4.666666666666667,2.6457513110645907,-0.4444444444444444,-0.375,11.0
Prahlad Nagar,2025,3,11,2.4545454545454546,0.09090909090909091,0.36363636363636365,0.45454545454545453,0.36363636363636365,0.18181818181818182,0.18181818181818182,0.6363636363636364,7,9.818181818181818,1.0,6.123233995736766e-17,1,1,2,0,0,0,0,1,5.0,9.0,5.0,4.0,6.333333333333333,5.0,2.3094010767585034,1.2000000000000002,1.75,10.0
Prahlad Nagar,2025,4,10,2.3,0.1,0.2,0.3,0.4,0.0,0.1,0.8,7,14.2,0.8660254037844387,-0.4999999999999998,2,0,2,0,0,0,0,1,11.0,5.0,9.0,7.0,8.333333333333334,6.0,3.055050463303893,-0.09090909090909094,0.4285714285714286,5.0
Prahlad Nagar,2025,5,5,2.2,0.2,0.2,0.2,0.6,0.0,0.2,0.6,4,12.0,0.49999999999999994,-0.8660254037844387,2,0,2,0,0,0,0,1,10.0,11.0,5.0,3.0,8.666666666666666,7.333333333333333,3.2145502536643185,-0.5,0.6666666666666667,7.0
Ranip,2023,1,12,1.6666666666666667,0.0,0.25,0.16666666666666666,0.16666666666666666,0.08333333333333333,0.0,0.6666666666666666,8,14.416666666666666,0.49999999999999994,0.8660254037844387,1,1,6,0,0,1,0,0,13.65625,14.064516129032258,14.5,11.285714285714286,13.994791666666668,13.833854166666667,0.0,0.1207865544581952,0.3679878035468097,11.0
Ranip,2023,2,11,2.5454545454545454,0.18181818181818182,0.36363636363636365,0.45454545454545453,0.18181818181818182,0.0,0.18181818181818182,0.5454545454545454,6,11.090909090909092,0.8660254037844386,0.5000000000000001,1,0,6,0,0,1,0,0,12.0,14.064516129032258,14.5,11.285714285714286,12.0,12.0,0.0,-0.08333333333333337,0.3679878035468097,13.0
Ranip,2023,3,13,2.6153846153846154,0.07692307692307693,0.5384615384615384,0.38461538461538464,0.07692307692307693,0.23076923076923078,0.15384615384615385,0.3076923076923077,9,10.692307692307692,1.0,6.123233995736766e-17,1,1,6,0,0,1,0,0,11.0,12.0,14.5,11.285714285714286,11.5,11.5,0.7071067811865476,0.18181818181818188,0.3679878035468097,9.0
Ranip,2023,4,9,2.111111111111111,0.1111111111111111,0.2222222222222222,0.2222222222222222,0.5555555555555556,0.0,0.3333333333333333,0.6666666666666666,6,13.444444444444445,0.8660254037844387,-0.4999999999999998,2,0,6,0,0,1,0,0,13.0,11.0,12.0,11.285714285714286,12.0,12.0,1.0,-0.3076923076923077,0.3679878035468097,13.0
Ranip,2023,5,13,3.0,0.3076923076923077,0.38461538461538464,0.46153846153846156,0.07692307692307693,0.0,0.46153846153846156,0.38461538461538464,8,9.76923076923077,0.49999999999999994,-0.8660254037844387,2,0,6,0,0,1,0,0,9.0,13.0,11.0,11.285714285714286,11.0,11.25,2.0,0.4444444444444444,0.3679878035468097,18.0
Ranip,2023,6,18,2.3333333333333335,0.05555555555555555,0.3333333333333333,0.2222222222222222,0.2777777777777778,0.0,0.2777777777777778,0.3888888888888889,12,14.11111111111111,1.2246467991473532e-16,-1.0,2,0,6,0,0,1,0,0,13.0,9.0,13.0,11.285714285714286,11.666666666666666,11.6,2.3094010767585034,0.3846153846153846,0.3679878035468097,14.0
Ranip,2023,7,14,2.2857142857142856,0.14285714285714285,0.21428571428571427,0.21428571428571427,0.35714285714285715,0.0,0.42857142857142855,0.21428571428571427,8,15.214285714285714,-0.4999999999999997,-0.8660254037844388,3,0,6,0,0,1,0,0,18.0,13.0,9.0,11.285714285714286,13.333333333333334,12.666666666666666,4.509249752822894,-0.2222222222222222,0.3679878035468097,8.0
Ranip,2023,8,8,1.5,0.0,0.125,0.125,0.375,0.0,0.125,0.375,5,17.75,-0.8660254037844385,-0.5000000000000004,3,0,6,0,0,1,0,0,14.0,18.0,13.0,11.285714285714286,15.0,13.0,2.64575131106459,-0.4285714285714286,0.3679878035468097,9.0
Ranip,2023,9,9,2.2222222222222223,0.1111111111111111,0.2222222222222222,0.2222222222222222,0.4444444444444444,0.0,0.2222222222222222,0.4444444444444444,7,11.444444444444445,-1.0,-1.8369701987210297e-16,3,0,6,0,0,1,0,0,8.0,14.0,18.0,11.285714285714286,13.333333333333334,12.5,5.033222956847166,0.125,0.3679878035468097,9.0
Ranip,2023,10,9,3.0,0.3333333333333333,0.4444444444444444,0.3333333333333333,0.1111111111111111,0.3333333333333333,0.3333333333333333,0.5555555555555556,7,10.666666666666666,-0.8660254037844386,0.5000000000000001,4,1,6,0,0,1,0,0,9.0,8.0,14.0,11.285714285714286,10.333333333333334,11.833333333333334,3.2145502536643185,0.0,0.3679878035468097,9.0
Ranip,2023,11,9,2.6666666666666665,0.0,0.6666666666666666,0.3333333333333333,0.3333333333333333,0.0,0.2222222222222222,0.4444444444444444,7,12.333333333333334,-0.5000000000000004,0.8660254037844384,4,1,6,0,0,1,0,0,9.0,9.0,8.0,11.285714285714286,8.666666666666666,11.833333333333334,0.5773502691896274,0.0,0.3679878035468097,13.0
Ranip,2023,12,13,2.0,0.07692307692307693,0.23076923076923078,0.07692307692307693,0.38461538461538464,0.0,0.3076923076923077,0.3076923076923077,12,13.384615384615385,-2.4492935982947064e-16,1.0,4,1,6,0,0,1,0,0,9.0,9.0,9.0,11.285714285714286,9.0,11.166666666666666,0.0,0.4444444444444444,0.3679878035468097,23.0
Ranip,2024,1,23,2.130434782608696,0.08695652173913043,0.34782608695652173,0.17391304347826086,0.08695652173913043,0.08695652173913043,0.21739130434782608,0.4782608695652174,13,13.91304347826087,0.49999999999999994,0.8660254037844387,1,1,6,0,0,1,0,0,13.0,9.0,9.0,12.0,10.333333333333334,10.333333333333334,2.309401076758503,0.7692307692307692,0.9166666666666667,8.0
Ranip,2024,2,8,1.625,0.0,0.125,0.25,0.5,0.0,0.0,0.75,5,10.5,0.8660254037844386,0.5000000000000001,1,0,6,0,0,1,0,0,23.0,13.0,9.0,11.0,15.0,11.833333333333334,7.211102550927978,-0.6521739130434783,-0.2727272727272727,15.0
Ranip,2024,3,15,2.7333333333333334,0.3333333333333333,0.2,0.2,0.4666666666666667,0.2,0.26666666666666666,0.26666666666666666,11,13.866666666666667,1.0,6.123233995736766e-17,1,1,6,0,0,1,0,0,8.0,23.0,13.0,13.0,14.666666666666666,11.833333333333334,7.637626158259733,0.875,0.15384615384615374,8.0
Ranip,2024,4,8,2.625,0.25,0.125,0.25,0.25,0.0,0.25,0.5,6,13.75,0.8660254037844387,-0.4999999999999998,2,0,6,0,0,1,0,0,15.0,8.0,23.0,9.0,15.333333333333334,12.833333333333334,7.505553499465135,-0.4666666666666667,-0.11111111111111116,9.0
Ranip,2024,5,9,2.3333333333333335,0.1111111111111111,0.3333333333333333,0.6666666666666666,0.2222222222222222,0.0,0.5555555555555556,0.4444444444444444,6,10.333333333333334,0.49999999999999994,-0.8660254037844387,2,0,6,0,0,1,0,0,8.0,15.0,8.0,13.0,10.333333333333334,12.666666666666666,4.041451884327381,0.125,-0.3076923076923077,8.0
Ranip,2024,6,8,2.5,0.125,0.375,0.375,0.5,0.0,0.125,0.375,7,14.375,1.2246467991473532e-16,-1.0,2,0,6,0,0,1,0,0,9.0,8.0,15.0,18.0,10.666666666666666,12.666666666666666,3.7859388972001824,-0.11111111111111116,-0.5555555555555556,10.0
Ranip,2024,7,10,2.1,0.2,0.1,0.2,0.6,0.0,0.2,0.3,6,18.1,-0.4999999999999997,-0.8660254037844388,3,0,6,0,0,1,0,0,8.0,9.0,8.0,14.0,8.333333333333334,11.833333333333334,0.5773502691896244,0.25,-0.2857142857142857,8.0
Ranip,2024,8,8,2.5,0.25,0.125,0.125,0.25,0.0,0.5,0.25,7,14.0,-0.8660254037844385,-0.5000000000000004,3,0,6,0,0,1,0,0,10.0,8.0,9.0,8.0,9.0,9.666666666666666,0.9999999999999991,-0.19999999999999996,0.0,10.0
Ranip,2024,9,10,2.7,0.3,0.3,0.3,0.3,0.0,0.3,0.6,8,13.7,-1.0,-1.8369701987210297e-16,3,0,6,0,0,1,0,0,8.0,10.0,8.0,9.0,8.666666666666666,9.666666666666666,1.1547005383792506,0.25,0.11111111111111116,13.0
Ranip,2024,10,13,2.230769230769231,0.23076923076923078,0.07692307692307693,0.38461538461538464,0.38461538461538464,0.3076923076923077,0.23076923076923078,0.5384615384615384,7,9.153846153846153,-0.8660254037844386,0.5000000000000001,4,1,6,0,0,1,0,0,10.0,8.0,10.0,9.0,9.333333333333334,8.833333333333334,1.1547005383792506,0.30000000000000004,0.4444444444444444,26.0
Ranip,2024,11,26,2.3076923076923075,0.15384615384615385,0.3076923076923077,0.3076923076923077,0.07692307692307693,0.11538461538461539,0.2692307692307692,0.5,11,11.461538461538462,-0.5000000000000004,0.8660254037844384,4,1,6,0,0,1,0,0,13.0,10.0,8.0,9.0,10.333333333333334,9.666666666666666,2.5166114784235827,1.0,1.8888888888888888,7.0
Ranip,2024,12,7,2.142857142857143,0.0,0.42857142857142855,0.42857142857142855,0.0,0.0,0.14285714285714285,0.7142857142857143,6,14.142857142857142,-2.4492935982947064e-16,1.0,4,1,6,0,0,1,0,0,26.0,13.0,10.0,13.0,16.333333333333332,12.5,8.504900548115383,-0.7307692307692308,-0.46153846153846156,30.0
Ranip,2025,1,30,2.1,0.06666666666666667,0.26666666666666666,0.26666666666666666,0.3333333333333333,0.2,0.16666666666666666,0.6666666666666666,11,12.933333333333334,0.49999999999999994,0.8660254037844387,1,1,6,0,0,1,0,0,7.0,26.0,13.0,23.0,15.333333333333334,12.333333333333334,9.71253485622231,3.2857142857142856,0.30434782608695654,27.0
Ranip,2025,2,27,1.8888888888888888,0.0,0.2222222222222222,0.2222222222222222,0.2222222222222222,0.0,0.1111111111111111,0.5925925925925926,13,13.518518518518519,0.8660254037844386,0.5000000000000001,1,0,6,0,0,1,0,0,30.0,7.0,26.0,8.0,21.0,15.666666666666666,12.288205727444508,-0.09999999999999998,2.375,22.0
Ranip,2025,3,22,2.590909090909091,0.18181818181818182,0.3181818181818182,0.36363636363636365,0.3181818181818182,0.045454545454545456,0.3181818181818182,0.4090909090909091,11,11.772727272727273,1.0,6.123233995736766e-17,1,1,6,0,0,1,0,0,27.0,30.0,7.0,15.0,21.333333333333332,18.833333333333332,12.503332889007368,-0.18518518518518523,0.46666666666666656,29.0
Ranip,2025,4,29,2.4827586206896552,0.2413793103448276,0.27586206896551724,0.3448275862068966,0.27586206896551724,0.0,0.41379310344827586,0.3448275862068966,13,11.689655172413794,0.8660254037844387,-0.4999999999999998,2,0,6,0,0,1,0,0,22.0,27.0,30.0,8.0,26.333333333333332,20.833333333333332,4.041451884327383,0.3181818181818181,2.625,28.0
Ranip,2025,5,28,2.392857142857143,0.17857142857142858,0.21428571428571427,0.39285714285714285,0.2857142857142857,0.0,0.14285714285714285,0.42857142857142855,11,11.357142857142858,0.49999999999999994,-0.8660254037844387,2,0,6,0,0,1,0,0,29.0,22.0,27.0,9.0,26.0,23.5,3.6055512754639922,-0.03448275862068961,2.111111111111111,16.0
Ranip,2025,6,16,2.0,0.0625,0.25,0.375,0.3125,0.0,0.25,0.5,9,13.1875,1.2246467991473532e-16,-1.0,2,0,6,0,0,1,0,0,28.0,29.0,22.0,8.0,26.333333333333332,23.833333333333332,3.7859388972001855,-0.4285714285714286,1.0,1.0
Ranip,2025,7,1,4.0,1.0,0.0,0.0,0.0,0.0,1.0,0.0,1,21.0,-0.4999999999999997,-0.8660254037844388,3,0,6,0,0,1,0,0,16.0,28.0,29.0,10.0,24.333333333333332,25.333333333333332,7.234178138070237,-0.9375,-0.9,1.0
Ranip,2025,8,1,3.0,0.0,1.0,1.0,0.0,0.0,0.0,1.0,1,22.0,-0.8660254037844385,-0.5000000000000004,3,0,6,0,0,1,0,0,1.0,16.0,28.0,8.0,15.0,20.5,13.527749258468685,0.0,-0.875,1.0
Ranip,2025,11,1,1.0,0.0,0.0,0.0,0.0,0.0,0.0,0.0,1,9.0,-0.5000000000000004,0.8660254037844384,4,0,6,0,0,1,0,0,1.0,1.0,16.0,10.0,6.0,16.166666666666668,8.660254037844387,0.0,-0.9,1.0
Sarkhej,2023,1,7,2.7142857142857144,0.2857142857142857,0.2857142857142857,0.14285714285714285,0.2857142857142857,0.0,0.5714285714285714,0.14285714285714285,4,11.857142857142858,0.49999999999999994,0.8660254037844387,1,1,3,0,0,0,1,0,7.566666666666666,7.379310344827586,7.321428571428571,5.894736842105263,7.411111111111111,7.252222222222221,0.0,0.42099604099604104,0.6901629072681704,7.0
Sarkhej,2023,2,7,2.5714285714285716,0.14285714285714285,0.42857142857142855,0.2857142857142857,0.0,0.0,0.14285714285714285,0.7142857142857143,6,8.142857142857142,0.8660254037844386,0.5000000000000001,1,0,3,0,0,0,1,0,7.0,7.379310344827586,7.321428571428571,5.894736842105263,7.0,7.0,0.0,0.0,0.6901629072681704,10.0
Sarkhej,2023,3,10,2.8,0.2,0.5,0.1,0.2,0.1,0.4,0.5,7,16.3,1.0,6.123233995736766e-17,1,1,3,0,0,0,1,0,7.0,7.0,7.321428571428571,5.894736842105263,7.0,7.0,0.0,0.4285714285714286,0.6901629072681704,4.0
Sarkhej,2023,4,4,1.75,0.0,0.25,0.5,0.25,0.0,0.25,0.5,3,7.25,0.8660254037844387,-0.4999999999999998,2,0,3,0,0,0,1,0,10.0,7.0,7.0,5.894736842105263,8.0,8.0,1.7320508075688772,-0.6,0.6901629072681704,4.0
Sarkhej,2023,5,4,1.75,0.0,0.0,0.25,0.25,0.0,0.0,1.0,3,17.25,0.49999999999999994,-0.8660254037844387,2,0,3,0,0,0,1,0,4.0,10.0,7.0,5.894736842105263,7.0,7.0,3.0,0.0,0.6901629072681704,2.0
Sarkhej,2023,6,2,2.5,0.0,0.5,1.0,0.0,0.0,0.5,0.0,2,3.5,1.2246467991473532e-16,-1.0,2,0,3,0,0,0,1,0,4.0,4.0,10.0,5.894736842105263,6.0,6.4,3.4641016151377544,-0.5,0.6901629072681704,5.0
Sarkhej,2023,7,5,2.8,0.2,0.6,0.4,0.2,0.0,0.0,0.8,5,10.2,-0.4999999999999997,-0.8660254037844388,3,0,3,0,0,0,1,0,2.0,4.0,4.0,5.894736842105263,3.3333333333333335,5.666666666666667,1.1547005383792517,1.5,0.6901629072681704,2.0
Sarkhej,2023,8,2,2.0,0.0,0.5,0.0,0.0,0.0,0.0,0.5,2,13.5,-0.8660254037844385,-0.5000000000000004,3,0,3,0,0,0,1,0,5.0,2.0,4.0,5.894736842105263,3.6666666666666665,5.333333333333333,1.5275252316519468,-0.6,0.6901629072681704,6.0
Sarkhej,2023,9,6,2.0,0.16666666666666666,0.16666666666666666,0.0,0.16666666666666666,0.0,0.16666666666666666,0.5,6,14.333333333333334,-1.0,-1.8369701987210297e-16,3,0,3,0,0,0,1,0,2.0,5.0,2.0,5.894736842105263,3.0,4.5,1.7320508075688774,2.0,0.6901629072681704,9.0
Sarkhej,2023,10,9,2.3333333333333335,0.0,0.4444444444444444,0.3333333333333333,0.3333333333333333,0.2222222222222222,0.1111111111111111,0.6666666666666666,6,10.666666666666666,-0.8660254037844386,0.5000000000000001,4,1,3,0,0,0,1,0,6.0,2.0,5.0,5.894736842105263,4.333333333333333,3.8333333333333335,2.081665999466133,0.5,0.6901629072681704,6.0
Sarkhej,2023,11,6,2.1666666666666665,0.0,0.3333333333333333,0.3333333333333333,0.16666666666666666,0.0,0.16666666666666666,0.5,5,11.666666666666666,-0.5000000000000004,0.8660254037844384,4,1,3,0,0,0,1,0,9.0,6.0,2.0,5.894736842105263,5.666666666666667,4.666666666666667,3.5118845842842465,-0.33333333333333337,0.6901629072681704,6.0
Sarkhej,2023,12,6,2.6666666666666665,0.16666666666666666,0.5,0.16666666666666666,0.6666666666666666,0.0,0.16666666666666666,0.3333333333333333,4,14.5,-2.4492935982947064e-16,1.0,4,1,3,0,0,0,1,0,6.0,9.0,6.0,5.894736842105263,7.0,5.0,1.7320508075688785,0.0,0.6901629072681704,10.0
Sarkhej,2024,1,10,2.5,0.3,0.1,0.6,0.3,0.2,0.3,0.7,5,11.2,0.49999999999999994,0.8660254037844387,1,1,3,0,0,0,1,0,6.0,6.0,9.0,7.0,7.0,5.666666666666667,1.7320508075688785,0.6666666666666667,0.4285714285714286,8.0
Sarkhej,2024,2,8,2.25,0.25,0.125,0.25,0.125,0.0,0.125,0.375,6,14.625,0.8660254037844386,0.5000000000000001,1,0,3,0,0,0,1,0,10.0,6.0,6.0,7.0,7.333333333333333,6.5,2.3094010767585034,-0.19999999999999996,0.1428571428571428,7.0
Sarkhej,2024,3,7,2.142857142857143,0.14285714285714285,0.2857142857142857,0.14285714285714285,0.7142857142857143,0.2857142857142857,0.14285714285714285,0.2857142857142857,6,13.142857142857142,1.0,6.123233995736766e-17,1,1,3,0,0,0,1,0,8.0,10.0,6.0,10.0,8.0,7.5,2.0,-0.125,-0.30000000000000004,7.0
Sarkhej,2024,4,7,2.0,0.0,0.42857142857142855,0.14285714285714285,0.2857142857142857,0.0,0.42857142857142855,0.2857142857142857,5,13.857142857142858,0.8660254037844387,-0.4999999999999998,2,0,3,0,0,0,1,0,7.0,8.0,10.0,4.0,8.333333333333334,7.666666666666667,1.5275252316519472,0.0,0.75,8.0
Sarkhej,2024,5,8,2.25,0.25,0.25,0.375,0.375,0.0,0.625,0.25,7,14.75,0.49999999999999994,-0.8660254037844387,2,0,3,0,0,0,1,0,7.0,7.0,8.0,4.0,7.333333333333333,7.333333333333333,0.5773502691896287,0.1428571428571428,1.0,3.0
Sarkhej,2024,6,3,2.6666666666666665,0.3333333333333333,0.3333333333333333,0.0,0.6666666666666666,0.0,0.6666666666666666,0.3333333333333333,3,16.333333333333332,1.2246467991473532e-16,-1.0,2,0,3,0,0,0,1,0,8.0,7.0,7.0,2.0,7.333333333333333,7.666666666666667,0.5773502691896258,-0.625,0.5,1.0
Sarkhej,2024,7,1,1.0,0.0,0.0,0.0,1.0,0.0,0.0,1.0,1,19.0,-0.4999999999999997,-0.8660254037844388,3,0,3,0,0,0,1,0,3.0,8.0,7.0,5.0,6.0,7.166666666666667,2.6457513110645907,-0.6666666666666667,-0.8,12.0
Sarkhej,2024,8,12,2.25,0.25,0.08333333333333333,0.08333333333333333,0.3333333333333333,0.0,0.25,0.5833333333333334,8,17.083333333333332,-0.8660254037844385,-0.5000000000000004,3,0,3,0,0,0,1,0,1.0,3.0,8.0,2.0,4.0,5.666666666666667,3.605551275463989,11.0,5.0,5.0
Sarkhej,2024,9,5,2.0,0.0,0.2,0.2,0.6,0.0,0.2,0.4,5,18.4,-1.0,-1.8369701987210297e-16,3,0,3,0,0,0,1,0,12.0,1.0,3.0,6.0,5.333333333333333,6.333333333333333,5.859465277082315,-0.5833333333333333,-0.16666666666666663,9.0
Sarkhej,2024,10,9,1.8888888888888888,0.1111111111111111,0.1111111111111111,0.2222222222222222,0.3333333333333333,0.2222222222222222,0.0,0.6666666666666666,7,12.444444444444445,-0.8660254037844386,0.5000000000000001,4,1,3,0,0,0,1,0,5.0,12.0,1.0,9.0,6.0,6.0,5.5677643628300215,0.8,0.0,7.0
Sarkhej,2024,11,7,2.142857142857143,0.0,0.2857142857142857,0.14285714285714285,0.42857142857142855,0.14285714285714285,0.42857142857142855,0.2857142857142857,6,14.571428571428571,-0.5000000000000004,0.8660254037844384,4,1,3,0,0,0,1,0,9.0,5.0,12.0,6.0,8.666666666666666,6.333333333333333,3.511884584284244,-0.2222222222222222,0.16666666666666674,11.0
Sarkhej,2024,12,11,2.5454545454545454,0.2727272727272727,0.09090909090909091,0.2727272727272727,0.2727272727272727,0.0,0.2727272727272727,0.5454545454545454,9,10.636363636363637,-2.4492935982947064e-16,1.0,4,1,3,0,0,0,1,0,7.0,9.0,5.0,6.0,7.0,6.166666666666667,1.9999999999999978,0.5714285714285714,0.8333333333333333,16.0
Sarkhej,2025,1,16,2.0,0.0625,0.125,0.3125,0.1875,0.0625,0.1875,0.6875,8,16.25,0.49999999999999994,0.8660254037844387,1,1,3,0,0,0,1,0,11.0,7.0,9.0,10.0,9.0,7.5,1.9999999999999958,0.4545454545454546,0.6000000000000001,12.0
Sarkhej,2025,2,12,2.0833333333333335,0.08333333333333333,0.25,0.3333333333333333,0.5833333333333334,0.0,0.25,0.4166666666666667,7,12.083333333333334,0.8660254037844386,0.5000000000000001,1,0,3,0,0,0,1,0,16.0,11.0,7.0,8.0,11.333333333333334,10.0,4.509249752822891,-0.25,0.5,12.0
Sarkhej,2025,3,12,2.6666666666666665,0.25,0.25,0.25,0.16666666666666666,0.0,0.5,0.3333333333333333,9,15.5,1.0,6.123233995736766e-17,1,1,3,0,0,0,1,0,12.0,16.0,11.0,7.0,13.0,10.0,2.6457513110645823,0.0,0.7142857142857142,9.0
Sarkhej,2025,4,9,2.4444444444444446,0.2222222222222222,0.1111111111111111,0.3333333333333333,0.1111111111111111,0.0,0.2222222222222222,0.3333333333333333,6,11.88888888888889,0.8660254037844387,-0.4999999999999998,2,0,3,0,0,0,1,0,12.0,12.0,16.0,7.0,13.333333333333334,11.166666666666666,2.309401076758493,-0.25,0.2857142857142858,9.0
Sarkhej,2025,5,9,2.6666666666666665,0.1111111111111111,0.5555555555555556,0.3333333333333333,0.1111111111111111,0.0,0.2222222222222222,0.3333333333333333,7,11.0,0.49999999999999994,-0.8660254037844387,2,0,3,0,0,0,1,0,9.0,12.0,12.0,8.0,11.0,11.166666666666666,1.7320508075688772,0.0,0.125,13.0
Sarkhej,2025,6,13,2.230769230769231,0.07692307692307693,0.23076923076923078,0.3076923076923077,0.5384615384615384,0.0,0.3076923076923077,0.46153846153846156,8,13.76923076923077,1.2246467991473532e-16,-1.0,2,0,3,0,0,0,1,0,9.0,9.0,12.0,3.0,10.0,11.5,1.7320508075688772,0.4444444444444444,3.333333333333333,1.0
Sarkhej,2025,8,1,1.0,0.0,0.0,0.0,0.0,0.0,0.0,1.0,1,21.0,-0.8660254037844385,-0.5000000000000004,3,0,3,0,0,0,1,0,13.0,9.0,9.0,1.0,10.333333333333334,11.833333333333334,2.309401076758503,-0.9230769230769231,0.0,2.0
Satellite,2023,1,4,3.0,0.25,0.5,0.25,0.5,0.25,0.5,0.25,3,12.25,0.49999999999999994,0.8660254037844387,1,1,3,0,0,0,0,1,9.066666666666666,8.89655172413793,8.75,7.0,8.777777777777779,8.313888888888888,0.0,0.17200618095354933,0.5367946381104276,10.0
Satellite,2023,2,10,2.6,0.4,0.1,0.2,0.3,0.0,0.4,0.2,6,12.7,0.8660254037844386,0.5000000000000001,1,0,3,0,0,0,0,1,4.0,8.89655172413793,8.75,7.0,4.0,4.0,0.0,1.5,0.5367946381104276,8.0
Satellite,2023,3,8,1.625,0.0,0.0,0.0,0.25,0.0,0.0,0.75,6,14.375,1.0,6.123233995736766e-17,1,1,3,0,0,0,0,1,10.0,4.0,8.75,7.0,7.0,7.0,4.242640687119285,-0.19999999999999996,0.5367946381104276,7.0
Satellite,2023,4,7,2.142857142857143,0.0,0.42857142857142855,0.14285714285714285,0.42857142857142855,0.0,0.2857142857142857,0.42857142857142855,7,14.285714285714286,0.8660254037844387,-0.4999999999999998,2,0,3,0,0,0,0,1,8.0,10.0,4.0,7.0,7.333333333333333,7.333333333333333,3.0550504633038935,-0.125,0.5367946381104276,6.0
Satellite,2023,5,6,2.0,0.16666666666666666,0.0,0.0,0.3333333333333333,0.0,0.16666666666666666,0.6666666666666666,6,15.5,0.49999999999999994,-0.8660254037844387,2,0,3,0,0,0,0,1,7.0,8.0,10.0,7.0,8.333333333333334,7.25,1.5275252316519474,-0.1428571428571429,0.5367946381104276,3.0
Satellite,2023,6,3,2.6666666666666665,0.3333333333333333,0.3333333333333333,0.3333333333333333,0.3333333333333333,0.0,0.0,1.0,2,10.0,1.2246467991473532e-16,-1.0,2,0,3,0,0,0,0,1,6.0,7.0,8.0,7.0,7.0,7.0,1.0000000000000024,-0.5,0.5367946381104276,6.0
Satellite,2023,7,6,2.6666666666666665,0.16666666666666666,0.5,0.16666666666666666,0.0,0.0,0.3333333333333333,0.5,5,12.5,-0.4999999999999997,-0.8660254037844388,3,0,3,0,0,0,0,1,3.0,6.0,7.0,7.0,5.333333333333333,6.333333333333333,2.0816659994661353,1.0,0.5367946381104276,7.0
Satellite,2023,8,7,2.142857142857143,0.14285714285714285,0.14285714285714285,0.5714285714285714,0.0,0.0,0.14285714285714285,0.7142857142857143,6,7.285714285714286,-0.8660254037844385,-0.5000000000000004,3,0,3,0,0,0,0,1,6.0,3.0,6.0,7.0,5.0,6.666666666666667,1.7320508075688812,0.16666666666666674,0.5367946381104276,5.0
Satellite,2023,9,5,2.4,0.0,0.6,0.2,0.0,0.0,0.0,0.6,5,15.6,-1.0,-1.8369701987210297e-16,3,0,3,0,0,0,0,1,7.0,6.0,3.0,7.0,5.333333333333333,6.166666666666667,2.0816659994661353,-0.2857142857142857,0.5367946381104276,9.0
Satellite,2023,10,9,2.4444444444444446,0.2222222222222222,0.2222222222222222,0.1111111111111111,0.1111111111111111,0.2222222222222222,0.1111111111111111,0.7777777777777778,6,12.0,-0.8660254037844386,0.5000000000000001,4,1,3,0,0,0,0,1,5.0,7.0,6.0,7.0,6.0,5.666666666666667,1.0000000000000038,0.8,0.5367946381104276,8.0
Satellite,2023,11,8,2.25,0.125,0.25,0.5,0.125,0.0,0.125,0.625,7,14.0,-0.5000000000000004,0.8660254037844384,4,1,3,0,0,0,0,1,9.0,5.0,7.0,7.0,7.0,6.0,2.000000000000001,-0.11111111111111116,0.5367946381104276,5.0
Satellite,2023,12,5,2.4,0.2,0.4,0.0,0.4,0.2,0.4,0.2,5,15.8,-2.4492935982947064e-16,1.0,4,1,3,0,0,0,0,1,8.0,9.0,5.0,7.0,7.333333333333333,6.333333333333333,2.0816659994661335,-0.375,0.5367946381104276,11.0
Satellite,2024,1,11,1.9090909090909092,0.0,0.2727272727272727,0.36363636363636365,0.36363636363636365,0.09090909090909091,0.18181818181818182,0.45454545454545453,8,10.636363636363637,0.49999999999999994,0.8660254037844387,1,1,3,0,0,0,0,1,5.0,8.0,9.0,4.0,7.333333333333333,6.666666666666667,2.0816659994661335,1.2000000000000002,1.75,4.0
Satellite,2024,2,4,2.5,0.25,0.25,0.5,0.5,0.0,0.5,0.5,4,10.5,0.8660254037844386,0.5000000000000001,1,0,3,0,0,0,0,1,11.0,5.0,8.0,10.0,8.0,7.5,3.0,-0.6363636363636364,-0.6,9.0
Satellite,2024,3,9,2.6666666666666665,0.2222222222222222,0.3333333333333333,0.5555555555555556,0.3333333333333333,0.0,0.4444444444444444,0.4444444444444444,8,10.88888888888889,1.0,6.123233995736766e-17,1,1,3,0,0,0,0,1,4.0,11.0,5.0,8.0,6.666666666666667,7.0,3.7859388972001837,1.25,0.125,12.0
Satellite,2024,4,12,2.0,0.08333333333333333,0.25,0.25,0.3333333333333333,0.0,0.08333333333333333,0.5833333333333334,8,13.25,0.8660254037844387,-0.4999999999999998,2,0,3,0,0,0,0,1,9.0,4.0,11.0,7.0,8.0,7.666666666666667,3.605551275463989,0.33333333333333326,0.7142857142857142,8.0
Satellite,2024,5,8,2.0,0.0,0.375,0.125,0.125,0.0,0.0,0.625,6,13.25,0.49999999999999994,-0.8660254037844387,2,0,3,0,0,0,0,1,12.0,9.0,4.0,6.0,8.333333333333334,8.166666666666666,4.04145188432738,-0.33333333333333337,0.33333333333333326,6.0
Satellite,2024,6,6,2.0,0.16666666666666666,0.16666666666666666,0.3333333333333333,0.5,0.0,0.3333333333333333,0.5,5,14.666666666666666,1.2246467991473532e-16,-1.0,2,0,3,0,0,0,0,1,8.0,12.0,9.0,3.0,9.666666666666666,8.166666666666666,2.0816659994661295,-0.25,1.0,5.0
Satellite,2024,7,5,2.0,0.2,0.2,0.0,0.0,0.0,0.2,0.8,4,14.4,-0.4999999999999997,-0.8660254037844388,3,0,3,0,0,0,0,1,6.0,8.0,12.0,6.0,8.666666666666666,8.333333333333334,3.0550504633038926,-0.16666666666666663,-0.16666666666666663,4.0
Satellite,2024,8,4,3.25,0.5,0.25,0.0,0.0,0.0,0.75,0.25,4,17.75,-0.8660254037844385,-0.5000000000000004,3,0,3,0,0,0,0,1,5.0,6.0,8.0,7.0,6.333333333333333,7.333333333333333,1.527525231651952,-0.19999999999999996,-0.4285714285714286,4.0
Satellite,2024,9,4,2.0,0.0,0.25,0.5,1.0,0.0,0.25,0.5,3,10.25,-1.0,-1.8369701987210297e-16,3,0,3,0,0,0,0,1,4.0,5.0,6.0,5.0,5.0,7.333333333333333,1.000000000000015,0.0,-0.19999999999999996,14.0
Satellite,2024,10,14,2.5,0.21428571428571427,0.14285714285714285,0.42857142857142855,0.14285714285714285,0.2857142857142857,0.2857142857142857,0.5,7,12.071428571428571,-0.8660254037844386,0.5000000000000001,4,1,3,0,0,0,0,1,4.0,4.0,5.0,9.0,4.333333333333333,6.5,0.577350269189658,2.5,0.5555555555555556,13.0
Satellite,2024,11,13,2.769230769230769,0.23076923076923078,0.46153846153846156,0.46153846153846156,0.23076923076923078,0.15384615384615385,0.15384615384615385,0.6153846153846154,8,11.307692307692308,-0.5000000000000004,0.8660254037844384,4,1,3,0,0,0,0,1,14.0,4.0,4.0,8.0,7.333333333333333,6.833333333333333,5.773502691896257,-0.0714285714285714,0.625,9.0
Satellite,2024,12,9,1.8888888888888888,0.0,0.3333333333333333,0.3333333333333333,0.4444444444444444,0.1111111111111111,0.1111111111111111,0.7777777777777778,5,15.333333333333334,-2.4492935982947064e-16,1.0,4,1,3,0,0,0,0,1,13.0,14.0,4.0,5.0,10.333333333333334,7.666666666666667,5.507570547286101,-0.3076923076923077,0.8,19.0
Satellite,2025,1,19,2.263157894736842,0.05263157894736842,0.3157894736842105,0.3157894736842105,0.2631578947368421,0.0,0.21052631578947367,0.5263157894736842,11,12.578947368421053,0.49999999999999994,0.8660254037844387,1,1,3,0,0,0,0,1,9.0,13.0,14.0,11.0,12.0,8.166666666666666,2.6457513110645885,1.1111111111111112,0.7272727272727273,14.0
Satellite,2025,2,14,2.2857142857142856,0.14285714285714285,0.21428571428571427,0.2857142857142857,0.21428571428571427,0.0,0.21428571428571427,0.42857142857142855,7,10.714285714285714,0.8660254037844386,0.5000000000000001,1,0,3,0,0,0,0,1,19.0,9.0,13.0,4.0,13.666666666666666,10.5,5.033222956847165,-0.26315789473684215,2.5,14.0
Satellite,2025,3,14,2.4285714285714284,0.21428571428571427,0.14285714285714285,0.42857142857142855,0.2857142857142857,0.0,0.35714285714285715,0.35714285714285715,10,7.928571428571429,1.0,6.123233995736766e-17,1,1,3,0,0,0,0,1,14.0,19.0,9.0,9.0,14.0,12.166666666666666,4.999999999999999,0.0,0.5555555555555556,21.0
Satellite,2025,4,21,2.4761904761904763,0.047619047619047616,0.47619047619047616,0.38095238095238093,0.42857142857142855,0.0,0.19047619047619047,0.47619047619047616,11,11.238095238095237,0.8660254037844387,-0.4999999999999998,2,0,3,0,0,0,0,1,14.0,14.0,19.0,12.0,15.666666666666666,13.833333333333334,2.8867513459481273,0.5,0.75,13.0
Satellite,2025,5,13,2.1538461538461537,0.15384615384615385,0.07692307692307693,0.07692307692307693,0.38461538461538464,0.0,0.0,0.8461538461538461,6,11.307692307692308,0.49999999999999994,-0.8660254037844387,2,0,3,0,0,0,0,1,21.0,14.0,14.0,8.0,16.333333333333332,15.0,4.041451884327381,-0.38095238095238093,0.625,14.0
Satellite,2025,6,14,2.357142857142857,0.21428571428571427,0.14285714285714285,0.07142857142857142,0.5714285714285714,0.0,0.2857142857142857,0.5714285714285714,9,10.357142857142858,1.2246467991473532e-16,-1.0,2,0,3,0,0,0,0,1,13.0,21.0,14.0,6.0,16.0,15.0,4.358898943540674,0.07692307692307687,1.3333333333333335,1.0
Satellite,2025,7,1,3.0,0.0,1.0,0.0,0.0,0.0,0.0,0.0,1,10.0,-0.4999999999999997,-0.8660254037844388,3,0,3,0,0,0,0,1,14.0,13.0,21.0,5.0,16.0,15.833333333333334,4.358898943540674,-0.9285714285714286,-0.8,1.0
Shahibaug,2023,1,12,2.3333333333333335,0.25,0.25,0.25,0.08333333333333333,0.08333333333333333,0.25,0.5833333333333334,9,13.583333333333334,0.49999999999999994,0.8660254037844387,1,1,5,0,0,1,0,0,12.5,12.296296296296296,11.76923076923077,10.117647058823529,12.148809523809524,11.53452380952381,0.0,0.12016683383599716,0.7096992684362927,5.0
Shahibaug,2023,2,5,1.8,0.0,0.2,0.2,0.2,0.0,0.4,0.4,4,12.4,0.8660254037844386,0.5000000000000001,1,0,5,0,0,1,0,0,12.0,12.296296296296296,11.76923076923077,10.117647058823529,12.0,12.0,0.0,-0.5833333333333333,0.7096992684362927,5.0
Shahibaug,2023,3,5,2.8,0.2,0.6,0.2,0.2,0.0,0.4,0.4,5,16.0,1.0,6.123233995736766e-17,1,1,5,0,0,1,0,0,5.0,12.0,11.76923076923077,10.117647058823529,8.5,8.5,4.949747468305833,0.0,0.7096992684362927,12.0
Shahibaug,2023,4,12,2.0833333333333335,0.08333333333333333,0.16666666666666666,0.3333333333333333,0.16666666666666666,0.0,0.25,0.4166666666666667,8,9.916666666666666,0.8660254037844387,-0.4999999999999998,2,0,5,0,0,1,0,0,5.0,5.0,12.0,10.117647058823529,7.333333333333333,7.333333333333333,4.041451884327381,1.4,0.7096992684362927,10.0
Shahibaug,2023,5,10,2.7,0.1,0.5,0.4,0.4,0.0,0.5,0.4,9,12.5,0.49999999999999994,-0.8660254037844387,2,0,5,0,0,1,0,0,12.0,5.0,5.0,10.117647058823529,7.333333333333333,8.5,4.041451884327381,-0.16666666666666663,0.7096992684362927,5.0
Shahibaug,2023,6,5,2.2,0.2,0.2,0.6,0.0,0.0,0.2,0.8,5,9.4,1.2246467991473532e-16,-1.0,2,0,5,0,0,1,0,0,10.0,12.0,5.0,10.117647058823529,9.0,8.8,3.605551275463989,-0.5,0.7096992684362927,4.0
Shahibaug,2023,7,4,2.25,0.0,0.5,0.0,0.25,0.0,0.0,0.5,4,12.75,-0.4999999999999997,-0.8660254037844388,3,0,5,0,0,1,0,0,5.0,10.0,12.0,10.117647058823529,9.0,8.166666666666666,3.605551275463989,-0.19999999999999996,0.7096992684362927,5.0
Shahibaug,2023,8,5,2.4,0.2,0.2,0.2,0.4,0.0,0.2,0.2,5,10.8,-0.8660254037844385,-0.5000000000000004,3,0,5,0,0,1,0,0,4.0,5.0,10.0,10.117647058823529,6.333333333333333,6.833333333333333,3.214550253664318,0.25,0.7096992684362927,6.0
Shahibaug,2023,9,6,2.1666666666666665,0.16666666666666666,0.16666666666666666,0.3333333333333333,0.3333333333333333,0.0,0.16666666666666666,0.3333333333333333,6,14.5,-1.0,-1.8369701987210297e-16,3,0,5,0,0,1,0,0,5.0,4.0,5.0,10.117647058823529,4.666666666666667,6.833333333333333,0.5773502691896242,0.19999999999999996,0.7096992684362927,12.0
Shahibaug,2023,10,12,2.3333333333333335,0.16666666666666666,0.25,0.25,0.3333333333333333,0.16666666666666666,0.25,0.5,8,12.333333333333334,-0.8660254037844386,0.5000000000000001,4,1,5,0,0,1,0,0,6.0,5.0,4.0,10.117647058823529,5.0,7.0,0.9999999999999991,1.0,0.7096992684362927,17.0
Shahibaug,2023,11,17,2.7058823529411766,0.17647058823529413,0.47058823529411764,0.4117647058823529,0.35294117647058826,0.17647058823529413,0.29411764705882354,0.5882352941176471,8,10.941176470588236,-0.5000000000000004,0.8660254037844384,4,1,5,0,0,1,0,0,12.0,6.0,5.0,10.117647058823529,7.666666666666667,7.0,3.7859388972001824,0.41666666666666674,0.7096992684362927,15.0
Shahibaug,2023,12,15,2.2666666666666666,0.13333333333333333,0.26666666666666666,0.26666666666666666,0.2,0.0,0.3333333333333333,0.5333333333333333,9,13.066666666666666,-2.4492935982947064e-16,1.0,4,1,5,0,0,1,0,0,17.0,12.0,6.0,10.117647058823529,11.666666666666666,8.166666666666666,5.507570547286102,-0.11764705882352944,0.7096992684362927,12.0
Shahibaug,2024,1,12,2.1666666666666665,0.0,0.4166666666666667,0.25,0.25,0.0,0.3333333333333333,0.25,10,12.75,0.49999999999999994,0.8660254037844387,1,1,5,0,0,1,0,0,15.0,17.0,12.0,12.0,14.666666666666666,9.833333333333334,2.516611478423584,-0.19999999999999996,0.0,13.0
Shahibaug,2024,2,13,2.1538461538461537,0.07692307692307693,0.15384615384615385,0.23076923076923078,0.38461538461538464,0.0,0.15384615384615385,0.6153846153846154,9,16.692307692307693,0.8660254037844386,0.5000000000000001,1,0,5,0,0,1,0,0,12.0,15.0,17.0,5.0,14.666666666666666,11.166666666666666,2.516611478423584,0.08333333333333326,1.6,16.0
Shahibaug,2024,3,16,2.6875,0.1875,0.375,0.25,0.625,0.0625,0.375,0.5,9,15.5,1.0,6.123233995736766e-17,1,1,5,0,0,1,0,0,13.0,12.0,15.0,5.0,13.333333333333334,12.5,1.5275252316519479,0.23076923076923084,2.2,12.0
Shahibaug,2024,4,12,2.5,0.16666666666666666,0.4166666666666667,0.16666666666666666,0.3333333333333333,0.0,0.4166666666666667,0.25,10,16.0,0.8660254037844387,-0.4999999999999998,2,0,5,0,0,1,0,0,16.0,13.0,12.0,12.0,13.666666666666666,14.166666666666666,2.081665999466134,-0.25,0.0,11.0
Shahibaug,2024,5,11,2.272727272727273,0.18181818181818182,0.18181818181818182,0.36363636363636365,0.2727272727272727,0.0,0.18181818181818182,0.7272727272727273,8,9.272727272727273,0.49999999999999994,-0.8660254037844387,2,0,5,0,0,1,0,0,12.0,16.0,13.0,10.0,13.666666666666666,14.166666666666666,2.081665999466134,-0.08333333333333337,0.10000000000000009,11.0
Shahibaug,2024,6,11,2.1818181818181817,0.18181818181818182,0.18181818181818182,0.45454545454545453,0.18181818181818182,0.0,0.18181818181818182,0.7272727272727273,7,8.909090909090908,1.2246467991473532e-16,-1.0,2,0,5,0,0,1,0,0,11.0,12.0,16.0,5.0,13.0,13.166666666666666,2.6457513110645916,0.0,1.2000000000000002,7.0
Shahibaug,2024,7,7,2.7142857142857144,0.2857142857142857,0.2857142857142857,0.42857142857142855,0.14285714285714285,0.0,0.42857142857142855,0.42857142857142855,6,9.285714285714286,-0.4999999999999997,-0.8660254037844388,3,0,5,0,0,1,0,0,11.0,11.0,12.0,4.0,11.333333333333334,12.5,0.5773502691896305,-0.36363636363636365,0.75,8.0
Shahibaug,2024,8,8,2.125,0.125,0.25,0.375,0.375,0.0,0.25,0.375,7,15.625,-0.8660254037844385,-0.5000000000000004,3,0,5,0,0,1,0,0,7.0,11.0,11.0,5.0,9.666666666666666,11.666666666666666,2.309401076758503,0.1428571428571428,0.6000000000000001,14.0
Shahibaug,2024,9,14,2.142857142857143,0.14285714285714285,0.14285714285714285,0.35714285714285715,0.21428571428571427,0.0,0.14285714285714285,0.7142857142857143,9,12.142857142857142,-1.0,-1.8369701987210297e-16,3,0,5,0,0,1,0,0,8.0,7.0,11.0,6.0,8.666666666666666,10.833333333333334,2.081665999466132,0.75,1.3333333333333335,21.0
Shahibaug,2024,10,21,2.0952380952380953,0.09523809523809523,0.19047619047619047,0.23809523809523808,0.23809523809523808,0.3333333333333333,0.23809523809523808,0.5714285714285714,9,13.19047619047619,-0.8660254037844386,0.5000000000000001,4,1,5,0,0,1,0,0,14.0,8.0,7.0,12.0,9.666666666666666,10.5,3.7859388972001824,0.5,0.75,23.0
Shahibaug,2024,11,23,2.1739130434782608,0.043478260869565216,0.391304347826087,0.2608695652173913,0.2608695652173913,0.17391304347826086,0.0,0.8260869565217391,8,12.434782608695652,-0.5000000000000004,0.8660254037844384,4,1,5,0,0,1,0,0,21.0,14.0,8.0,17.0,14.333333333333334,12.0,6.506407098647712,0.09523809523809534,0.3529411764705883,10.0
Shahibaug,2024,12,10,2.2,0.1,0.2,0.2,0.3,0.0,0.4,0.3,9,12.6,-2.4492935982947064e-16,1.0,4,1,5,0,0,1,0,0,23.0,21.0,14.0,15.0,19.333333333333332,14.0,4.725815626252608,-0.5652173913043479,-0.33333333333333337,20.0
Shahibaug,2025,1,20,2.5,0.15,0.45,0.45,0.3,0.0,0.25,0.45,12,11.5,0.49999999999999994,0.8660254037844387,1,1,5,0,0,1,0,0,10.0,23.0,21.0,12.0,18.0,13.833333333333334,7.0,1.0,0.6666666666666667,20.0
Shahibaug,2025,2,20,2.1,0.1,0.25,0.25,0.3,0.0,0.1,0.5,10,10.15,0.8660254037844386,0.5000000000000001,1,0,5,0,0,1,0,0,20.0,10.0,23.0,13.0,17.666666666666668,16.0,6.8068592855540455,0.0,0.5384615384615385,26.0
Shahibaug,2025,3,26,2.076923076923077,0.07692307692307693,0.23076923076923078,0.2692307692307692,0.2692307692307692,0.038461538461538464,0.11538461538461539,0.46153846153846156,11,12.384615384615385,1.0,6.123233995736766e-17,1,1,5,0,0,1,0,0,20.0,20.0,10.0,16.0,16.666666666666668,18.0,5.773502691896257,0.30000000000000004,0.625,18.0
Shahibaug,2025,4,18,2.111111111111111,0.1111111111111111,0.2222222222222222,0.2777777777777778,0.3333333333333333,0.0,0.16666666666666666,0.5555555555555556,9,12.555555555555555,0.8660254037844387,-0.4999999999999998,2,0,5,0,0,1,0,0,26.0,20.0,20.0,12.0,22.0,20.0,3.4641016151377544,-0.3076923076923077,0.5,24.0
Shahibaug,2025,5,24,2.625,0.16666666666666666,0.4583333333333333,0.16666666666666666,0.2916666666666667,0.0,0.16666666666666666,0.5,9,13.333333333333334,0.49999999999999994,-0.8660254037844387,2,0,5,0,0,1,0,0,18.0,26.0,20.0,11.0,21.333333333333332,19.5,4.163331998932265,0.33333333333333326,1.1818181818181817,14.0
Thaltej,2023,1,4,2.5,0.25,0.0,0.0,0.5,0.0,0.25,0.5,4,13.25,0.49999999999999994,0.8660254037844387,1,1,2,0,0,0,0,1,5.2592592592592595,5.1923076923076925,5.0,3.875,5.111111111111111,4.780864197530864,0.0,0.331538934316712,1.3965773809523807,4.0
Thaltej,2023,2,4,2.0,0.0,0.25,0.5,0.0,0.0,0.25,0.75,4,7.0,0.8660254037844386,0.5000000000000001,1,0,2,0,0,0,0,1,4.0,5.1923076923076925,5.0,3.875,4.0,4.0,0.0,0.0,1.3965773809523807,2.0
Thaltej,2023,3,2,2.0,0.0,0.5,0.0,0.5,0.0,0.0,1.0,1,9.5,1.0,6.123233995736766e-17,1,1,2,0,0,0,0,1,4.0,4.0,5.0,3.875,4.0,4.0,0.0,-0.5,1.3965773809523807,3.0
Thaltej,2023,4,3,1.3333333333333333,0.0,0.0,0.3333333333333333,1.0,0.0,0.3333333333333333,0.6666666666666666,3,11.0,0.8660254037844387,-0.4999999999999998,2,0,2,0,0,0,0,1,2.0,4.0,4.0,3.875,3.3333333333333335,3.3333333333333335,1.1547005383792517,0.5,1.3965773809523807,2.0
Thaltej,2023,5,2,3.0,0.5,0.0,0.5,0.0,0.0,0.5,0.5,2,19.5,0.49999999999999994,-0.8660254037844387,2,0,2,0,0,0,0,1,3.0,2.0,4.0,3.875,3.0,3.25,1.0,-0.33333333333333337,1.3965773809523807,4.0
Thaltej,2023,6,4,2.5,0.25,0.25,0.25,0.25,0.0,0.25,0.5,4,17.75,1.2246467991473532e-16,-1.0,2,0,2,0,0,0,0,1,2.0,3.0,2.0,3.875,2.3333333333333335,3.0,0.577350269189626,1.0,1.3965773809523807,1.0
Thaltej,2023,7,1,2.0,0.0,0.0,0.0,0.0,0.0,1.0,0.0,1,13.0,-0.4999999999999997,-0.8660254037844388,3,0,2,0,0,0,0,1,4.0,2.0,3.0,3.875,3.0,3.1666666666666665,1.0,-0.75,1.3965773809523807,3.0
Thaltej,2023,8,3,2.6666666666666665,0.3333333333333333,0.0,0.0,0.6666666666666666,0.0,0.3333333333333333,0.3333333333333333,3,17.666666666666668,-0.8660254037844385,-0.5000000000000004,3,0,2,0,0,0,0,1,1.0,4.0,2.0,3.875,2.3333333333333335,2.6666666666666665,1.5275252316519468,2.0,1.3965773809523807,6.0
Thaltej,2023,9,6,2.1666666666666665,0.0,0.3333333333333333,0.16666666666666666,0.0,0.0,0.16666666666666666,0.5,5,14.666666666666666,-1.0,-1.8369701987210297e-16,3,0,2,0,0,0,0,1,3.0,1.0,4.0,3.875,2.6666666666666665,2.5,1.5275252316519468,1.0,1.3965773809523807,2.0
Thaltej,2023,10,2,2.5,0.5,0.0,0.0,0.0,1.0,0.0,0.5,2,17.0,-0.8660254037844386,0.5000000000000001,4,1,2,0,0,0,0,1,6.0,3.0,1.0,3.875,3.3333333333333335,3.1666666666666665,2.5166114784235836,-0.6666666666666667,1.3965773809523807,6.0
Thaltej,2023,11,6,2.5,0.0,0.5,0.3333333333333333,0.5,0.3333333333333333,0.0,0.6666666666666666,5,12.333333333333334,-0.5000000000000004,0.8660254037844384,4,1,2,0,0,0,0,1,2.0,6.0,3.0,3.875,3.6666666666666665,3.0,2.081665999466133,2.0,1.3965773809523807,3.0
Thaltej,2023,12,3,2.6666666666666665,0.3333333333333333,0.3333333333333333,0.3333333333333333,0.0,0.0,0.6666666666666666,0.3333333333333333,3,12.666666666666666,-2.4492935982947064e-16,1.0,4,1,2,0,0,0,0,1,6.0,2.0,6.0,3.875,4.666666666666667,3.6666666666666665,2.3094010767585034,-0.5,1.3965773809523807,6.0
Thaltej,2024,1,6,2.1666666666666665,0.3333333333333333,0.0,0.16666666666666666,0.3333333333333333,0.0,0.5,0.5,6,11.166666666666666,0.49999999999999994,0.8660254037844387,1,1,2,0,0,0,0,1,3.0,6.0,2.0,4.0,3.6666666666666665,3.5,2.081665999466133,1.0,0.5,7.0
Thaltej,2024,3,7,2.5714285714285716,0.2857142857142857,0.2857142857142857,0.0,0.5714285714285714,0.14285714285714285,0.42857142857142855,0.14285714285714285,7,14.571428571428571,1.0,6.123233995736766e-17,1,1,2,0,0,0,0,1,6.0,3.0,6.0,4.0,5.0,4.333333333333333,1.7320508075688776,0.16666666666666674,0.75,6.0
Thaltej,2024,4,6,2.6666666666666665,0.3333333333333333,0.3333333333333333,0.0,0.0,0.0,0.5,0.3333333333333333,6,14.5,0.8660254037844387,-0.4999999999999998,2,0,2,0,0,0,0,1,7.0,6.0,3.0,2.0,5.333333333333333,5.0,2.081665999466133,-0.1428571428571429,2.0,3.0
Thaltej,2024,6,3,2.3333333333333335,0.3333333333333333,0.0,0.3333333333333333,0.3333333333333333,0.0,0.3333333333333333,0.3333333333333333,3,6.333333333333333,1.2246467991473532e-16,-1.0,2,0,2,0,0,0,0,1,6.0,7.0,6.0,3.0,6.333333333333333,5.0,0.5773502691896273,-0.5,0.0,6.0
Thaltej,2024,7,6,2.1666666666666665,0.16666666666666666,0.16666666666666666,0.3333333333333333,0.3333333333333333,0.0,0.5,0.16666666666666666,5,12.0,-0.4999999999999997,-0.8660254037844388,3,0,2,0,0,0,0,1,3.0,6.0,7.0,2.0,5.333333333333333,5.166666666666667,2.081665999466133,1.0,2.0,2.0
Thaltej,2024,8,2,3.5,0.5,0.5,1.0,1.0,0.0,0.5,0.5,2,23.0,-0.8660254037844385,-0.5000000000000004,3,0,2,0,0,0,0,1,6.0,3.0,6.0,4.0,5.0,5.166666666666667,1.7320508075688776,-0.6666666666666667,-0.5,10.0
Thaltej,2024,9,10,2.3,0.2,0.3,0.3,0.3,0.0,0.2,0.5,7,10.7,-1.0,-1.8369701987210297e-16,3,0,2,0,0,0,0,1,2.0,6.0,3.0,1.0,3.6666666666666665,5.0,2.081665999466133,4.0,9.0,5.0
Thaltej,2024,10,5,1.4,0.0,0.0,0.2,0.4,0.4,0.2,0.4,4,9.8,-0.8660254037844386,0.5000000000000001,4,1,2,0,0,0,0,1,10.0,2.0,6.0,3.0,6.0,5.666666666666667,4.0,-0.5,0.6666666666666667,5.0
Thaltej,2024,11,5,2.2,0.0,0.2,0.0,0.4,0.0,0.2,0.2,4,12.4,-0.5000000000000004,0.8660254037844384,4,1,2,0,0,0,0,1,5.0,10.0,2.0,6.0,5.666666666666667,5.333333333333333,4.041451884327381,0.0,-0.16666666666666663,7.0
Thaltej,2024,12,7,2.5714285714285716,0.0,0.5714285714285714,0.42857142857142855,0.42857142857142855,0.0,0.14285714285714285,0.42857142857142855,4,11.142857142857142,-2.4492935982947064e-16,1.0,4,1,2,0,0,0,0,1,5.0,5.0,10.0,2.0,6.666666666666667,5.166666666666667,2.8867513459481287,0.3999999999999999,2.5,9.0
Thaltej,2025,1,9,1.6666666666666667,0.0,0.1111111111111111,0.2222222222222222,0.0,0.0,0.0,0.7777777777777778,5,13.333333333333334,0.49999999999999994,0.8660254037844387,1,1,2,0,0,0,0,1,7.0,5.0,5.0,6.0,5.666666666666667,5.833333333333333,1.1547005383792515,0.2857142857142858,0.5,8.0
Thaltej,2025,2,8,1.875,0.0,0.375,0.0,0.125,0.0,0.125,0.75,6,14.125,0.8660254037844386,0.5000000000000001,1,0,2,0,0,0,0,1,9.0,7.0,5.0,3.0,7.0,6.333333333333333,1.9999999999999998,-0.11111111111111116,1.6666666666666665,11.0
Thaltej,2025,3,11,2.0,0.09090909090909091,0.2727272727272727,0.36363636363636365,0.18181818181818182,0.09090909090909091,0.0,0.6363636363636364,7,8.363636363636363,1.0,6.123233995736766e-17,1,1,2,0,0,0,0,1,8.0,9.0,7.0,6.0,8.0,7.333333333333333,0.9999999999999998,0.375,0.8333333333333333,10.0
Thaltej,2025,4,10,2.0,0.1,0.2,0.1,0.3,0.0,0.2,0.5,8,15.1,0.8660254037844387,-0.4999999999999998,2,0,2,0,0,0,0,1,11.0,8.0,9.0,7.0,9.333333333333334,7.5,1.5275252316519463,-0.09090909090909094,0.4285714285714286,7.0
Thaltej,2025,5,7,2.7142857142857144,0.14285714285714285,0.5714285714285714,0.2857142857142857,0.14285714285714285,0.0,0.2857142857142857,0.42857142857142855,6,11.142857142857142,0.49999999999999994,-0.8660254037844387,2,0,2,0,0,0,0,1,10.0,11.0,8.0,6.0,9.666666666666666,8.333333333333334,1.5275252316519463,-0.30000000000000004,0.16666666666666674,9.0
Thaltej,2025,6,9,2.0,0.0,0.2222222222222222,0.4444444444444444,0.2222222222222222,0.0,0.1111111111111111,0.5555555555555556,6,12.11111111111111,1.2246467991473532e-16,-1.0,2,0,2,0,0,0,0,1,7.0,10.0,11.0,3.0,9.333333333333334,8.666666666666666,2.081665999466133,0.2857142857142858,2.0,1.0
Vastral,2023,1,19,2.526315789473684,0.10526315789473684,0.42105263157894735,0.2631578947368421,0.42105263157894735,0.15789473684210525,0.21052631578947367,0.5263157894736842,12,12.31578947368421,0.49999999999999994,0.8660254037844387,1,1,6,0,1,0,0,0,14.793103448275861,14.357142857142858,13.962962962962964,12.444444444444445,14.454022988505745,13.970689655172412,0.0,0.11842757323140582,0.6031976876275124,4.0
Vastral,2023,2,4,2.5,0.25,0.25,1.0,0.5,0.0,0.0,0.75,2,12.75,0.8660254037844386,0.5000000000000001,1,0,6,0,1,0,0,0,19.0,14.357142857142858,13.962962962962964,12.444444444444445,19.0,19.0,0.0,-0.7894736842105263,0.6031976876275124,12.0
Vastral,2023,3,12,2.3333333333333335,0.08333333333333333,0.25,0.16666666666666666,0.25,0.08333333333333333,0.08333333333333333,0.5833333333333334,8,12.166666666666666,1.0,6.123233995736766e-17,1,1,6,0,1,0,0,0,4.0,19.0,13.962962962962964,12.444444444444445,11.5,11.5,10.606601717798213,2.0,0.6031976876275124,12.0
Vastral,2023,4,12,2.0,0.16666666666666666,0.16666666666666666,0.25,0.16666666666666666,0.0,0.3333333333333333,0.4166666666666667,9,11.416666666666666,0.8660254037844387,-0.4999999999999998,2,0,6,0,1,0,0,0,12.0,4.0,19.0,12.444444444444445,11.666666666666666,11.666666666666666,7.505553499465135,0.0,0.6031976876275124,15.0
Vastral,2023,5,15,2.2666666666666666,0.06666666666666667,0.4,0.2,0.13333333333333333,0.0,0.26666666666666666,0.6,8,15.0,0.49999999999999994,-0.8660254037844387,2,0,6,0,1,0,0,0,12.0,12.0,4.0,12.444444444444445,9.333333333333334,11.75,4.618802153517007,0.25,0.6031976876275124,8.0
Vastral,2023,6,8,2.0,0.125,0.125,0.375,0.625,0.0,0.125,0.25,6,13.625,1.2246467991473532e-16,-1.0,2,0,6,0,1,0,0,0,15.0,12.0,12.0,12.444444444444445,13.0,12.4,1.7320508075688772,-0.4666666666666667,0.6031976876275124,11.0
Vastral,2023,7,11,2.4545454545454546,0.2727272727272727,0.18181818181818182,0.09090909090909091,0.2727272727272727,0.0,0.36363636363636365,0.45454545454545453,7,16.181818181818183,-0.4999999999999997,-0.8660254037844388,3,0,6,0,1,0,0,0,8.0,15.0,12.0,12.444444444444445,11.666666666666666,11.666666666666666,3.511884584284246,0.375,0.6031976876275124,10.0
Vastral,2023,8,10,2.3,0.1,0.2,0.4,0.4,0.0,0.3,0.5,8,17.5,-0.8660254037844385,-0.5000000000000004,3,0,6,0,1,0,0,0,11.0,8.0,15.0,12.444444444444445,11.333333333333334,10.333333333333334,3.511884584284246,-0.09090909090909094,0.6031976876275124,8.0
Vastral,2023,9,8,2.625,0.375,0.25,0.0,0.25,0.0,0.375,0.25,6,16.125,-1.0,-1.8369701987210297e-16,3,0,6,0,1,0,0,0,10.0,11.0,8.0,12.444444444444445,9.666666666666666,11.333333333333334,1.5275252316519468,-0.19999999999999996,0.6031976876275124,11.0
Vastral,2023,10,11,2.5454545454545454,0.18181818181818182,0.2727272727272727,0.36363636363636365,0.18181818181818182,0.2727272727272727,0.18181818181818182,0.6363636363636364,7,9.454545454545455,-0.8660254037844386,0.5000000000000001,4,1,6,0,1,0,0,0,8.0,10.0,11.0,12.444444444444445,9.666666666666666,10.666666666666666,1.5275252316519468,0.375,0.6031976876275124,15.0
Vastral,2023,11,15,2.1333333333333333,0.06666666666666667,0.06666666666666667,0.2,0.4666666666666667,0.2,0.06666666666666667,0.5333333333333333,9,10.066666666666666,-0.5000000000000004,0.8660254037844384,4,1,6,0,1,0,0,0,11.0,8.0,10.0,12.444444444444445,9.666666666666666,10.5,1.5275252316519468,0.36363636363636354,0.6031976876275124,11.0
Vastral,2023,12,11,2.4545454545454546,0.18181818181818182,0.36363636363636365,0.18181818181818182,0.2727272727272727,0.0,0.2727272727272727,0.2727272727272727,10,14.727272727272727,-2.4492935982947064e-16,1.0,4,1,6,0,1,0,0,0,15.0,11.0,8.0,12.444444444444445,11.333333333333334,10.5,3.511884584284246,-0.2666666666666667,0.6031976876275124,13.0
Vastral,2024,1,13,2.3076923076923075,0.15384615384615385,0.23076923076923078,0.15384615384615385,0.3076923076923077,0.0,0.38461538461538464,0.3076923076923077,10,13.076923076923077,0.49999999999999994,0.8660254037844387,1,1,6,0,1,0,0,0,11.0,15.0,11.0,19.0,12.333333333333334,11.0,2.3094010767585025,0.18181818181818188,-0.3157894736842105,19.0
Vastral,2024,2,19,2.1578947368421053,0.05263157894736842,0.42105263157894735,0.2631578947368421,0.2631578947368421,0.0,0.3684210526315789,0.47368421052631576,13,12.473684210526315,0.8660254037844386,0.5000000000000001,1,0,6,0,1,0,0,0,13.0,11.0,15.0,4.0,13.0,11.333333333333334,1.9999999999999991,0.46153846153846145,3.75,15.0
Vastral,2024,3,15,2.533333333333333,0.3333333333333333,0.06666666666666667,0.13333333333333333,0.3333333333333333,0.0,0.4,0.3333333333333333,12,16.666666666666668,1.0,6.123233995736766e-17,1,1,6,0,1,0,0,0,19.0,13.0,11.0,12.0,14.333333333333334,12.833333333333334,4.163331998932265,-0.21052631578947367,0.25,18.0
Vastral,2024,4,18,2.4444444444444446,0.2222222222222222,0.2222222222222222,0.4444444444444444,0.3888888888888889,0.0,0.3333333333333333,0.5,9,9.333333333333334,0.8660254037844387,-0.4999999999999998,2,0,6,0,1,0,0,0,15.0,19.0,13.0,12.0,15.666666666666666,14.0,3.055050463303892,0.19999999999999996,0.5,11.0
Vastral,2024,5,11,2.4545454545454546,0.2727272727272727,0.09090909090909091,0.36363636363636365,0.2727272727272727,0.0,0.6363636363636364,0.2727272727272727,9,14.0,0.49999999999999994,-0.8660254037844387,2,0,6,0,1,0,0,0,18.0,15.0,19.0,15.0,17.333333333333332,15.166666666666666,2.0816659994661313,-0.38888888888888884,-0.2666666666666667,12.0
Vastral,2024,6,12,2.5,0.08333333333333333,0.4166666666666667,0.25,0.4166666666666667,0.0,0.25,0.3333333333333333,9,17.916666666666668,1.2246467991473532e-16,-1.0,2,0,6,0,1,0,0,0,11.0,18.0,15.0,8.0,14.666666666666666,14.5,3.511884584284245,0.09090909090909083,0.5,19.0
Vastral,2024,7,19,2.5789473684210527,0.15789473684210525,0.47368421052631576,0.47368421052631576,0.21052631578947367,0.0,0.3157894736842105,0.42105263157894735,12,10.947368421052632,-0.4999999999999997,-0.8660254037844388,3,0,6,0,1,0,0,0,12.0,11.0,18.0,11.0,13.666666666666666,14.666666666666666,3.785938897200181,0.5833333333333333,0.7272727272727273,13.0
Vastral,2024,8,13,1.7692307692307692,0.07692307692307693,0.07692307692307693,0.15384615384615385,0.23076923076923078,0.0,0.0,0.8461538461538461,7,14.615384615384615,-0.8660254037844385,-0.5000000000000004,3,0,6,0,1,0,0,0,19.0,12.0,11.0,10.0,14.0,15.666666666666666,4.358898943540672,-0.3157894736842105,0.30000000000000004,13.0
Vastral,2024,9,13,2.5384615384615383,0.23076923076923078,0.23076923076923078,0.23076923076923078,0.46153846153846156,0.0,0.3076923076923077,0.38461538461538464,9,13.692307692307692,-1.0,-1.8369701987210297e-16,3,0,6,0,1,0,0,0,13.0,19.0,12.0,8.0,14.666666666666666,14.666666666666666,3.78593889720018,0.0,0.625,16.0
Vastral,2024,10,16,2.875,0.25,0.4375,0.375,0.25,0.375,0.5625,0.4375,8,13.5,-0.8660254037844386,0.5000000000000001,4,1,6,0,1,0,0,0,13.0,13.0,19.0,11.0,15.0,14.333333333333334,3.4641016151377526,0.23076923076923084,0.4545454545454546,15.0
Vastral,2024,11,15,2.1333333333333333,0.06666666666666667,0.26666666666666666,0.06666666666666667,0.26666666666666666,0.06666666666666667,0.26666666666666666,0.4,10,16.2,-0.5000000000000004,0.8660254037844384,4,1,6,0,1,0,0,0,16.0,13.0,13.0,15.0,14.0,14.0,1.7320508075688772,-0.0625,0.0,12.0
Vastral,2024,12,12,1.6666666666666667,0.08333333333333333,0.0,0.4166666666666667,0.16666666666666666,0.0,0.25,0.75,7,12.916666666666666,-2.4492935982947064e-16,1.0,4,1,6,0,1,0,0,0,15.0,16.0,13.0,11.0,14.666666666666666,14.666666666666666,1.5275252316519468,-0.19999999999999996,0.09090909090909083,27.0
Vastral,2025,1,27,2.4814814814814814,0.14814814814814814,0.3333333333333333,0.2222222222222222,0.2222222222222222,0.0,0.4444444444444444,0.37037037037037035,12,15.25925925925926,0.49999999999999994,0.8660254037844387,1,1,6,0,1,0,0,0,12.0,15.0,16.0,13.0,14.333333333333334,14.666666666666666,2.081665999466133,1.25,1.076923076923077,21.0
Vastral,2025,2,21,2.2857142857142856,0.09523809523809523,0.38095238095238093,0.23809523809523808,0.09523809523809523,0.0,0.2857142857142857,0.42857142857142855,9,12.761904761904763,0.8660254037844386,0.5000000000000001,1,0,6,0,1,0,0,0,27.0,12.0,15.0,19.0,18.0,16.0,7.937253933193772,-0.2222222222222222,0.10526315789473695,17.0
Vastral,2025,3,17,2.4705882352941178,0.23529411764705882,0.17647058823529413,0.35294117647058826,0.35294117647058826,0.0,0.47058823529411764,0.4117647058823529,9,12.294117647058824,1.0,6.123233995736766e-17,1,1,6,0,1,0,0,0,21.0,27.0,12.0,15.0,20.0,17.333333333333332,7.54983443527075,-0.19047619047619047,0.1333333333333333,25.0
Vastral,2025,4,25,2.56,0.28,0.2,0.36,0.12,0.0,0.32,0.52,12,10.2,0.8660254037844387,-0.4999999999999998,2,0,6,0,1,0,0,0,17.0,21.0,27.0,18.0,21.666666666666668,18.0,5.033222956847167,0.47058823529411775,0.38888888888888884,27.0
Vastral,2025,5,27,2.3333333333333335,0.18518518518518517,0.25925925925925924,0.2222222222222222,0.3333333333333333,0.0,0.25925925925925924,0.48148148148148145,13,12.555555555555555,0.49999999999999994,-0.8660254037844387,2,0,6,0,1,0,0,0,25.0,17.0,21.0,11.0,21.0,19.5,4.000000000000001,0.08000000000000007,1.4545454545454546,25.0
Vastral,2025,6,25,2.24,0.16,0.28,0.2,0.2,0.0,0.24,0.44,12,15.56,1.2246467991473532e-16,-1.0,2,0,6,0,1,0,0,0,27.0,25.0,17.0,12.0,23.0,21.5,5.291502622129181,-0.07407407407407407,1.0833333333333335,1.0
Vastrapur,2023,1,2,2.5,0.0,0.5,0.0,0.0,0.0,0.5,0.5,2,13.5,0.49999999999999994,0.8660254037844387,1,1,3,0,0,0,0,1,7.142857142857143,6.888888888888889,6.615384615384615,5.588235294117647,6.720238095238096,6.192261904761906,0.0,0.2565138234781092,0.7661998132586368,3.0
Vastrapur,2023,2,3,1.3333333333333333,0.0,0.0,0.3333333333333333,0.3333333333333333,0.0,0.3333333333333333,0.3333333333333333,3,16.666666666666668,0.8660254037844386,0.5000000000000001,1,0,3,0,0,0,0,1,2.0,6.888888888888889,6.615384615384615,5.588235294117647,2.0,2.0,0.0,0.5,0.7661998132586368,4.0
Vastrapur,2023,3,4,2.25,0.25,0.0,0.5,0.25,0.5,0.25,0.5,3,14.25,1.0,6.123233995736766e-17,1,1,3,0,0,0,0,1,3.0,2.0,6.615384615384615,5.588235294117647,2.5,2.5,0.7071067811865476,0.33333333333333326,0.7661998132586368,4.0
Vastrapur,2023,4,4,3.0,0.25,0.5,0.25,0.25,0.0,0.5,0.5,2,8.25,0.8660254037844387,-0.4999999999999998,2,0,3,0,0,0,0,1,4.0,3.0,2.0,5.588235294117647,3.0,3.0,1.0,0.0,0.7661998132586368,6.0
Vastrapur,2023,5,6,2.1666666666666665,0.16666666666666666,0.16666666666666666,0.3333333333333333,0.0,0.0,0.3333333333333333,0.6666666666666666,6,10.333333333333334,0.49999999999999994,-0.8660254037844387,2,0,3,0,0,0,0,1,4.0,4.0,3.0,5.588235294117647,3.6666666666666665,3.25,0.5773502691896258,0.5,0.7661998132586368,8.0
Vastrapur,2023,6,8,2.625,0.25,0.25,0.125,0.5,0.0,0.25,0.5,5,13.625,1.2246467991473532e-16,-1.0,2,0,3,0,0,0,0,1,6.0,4.0,4.0,5.588235294117647,4.666666666666667,3.8,1.1547005383792515,0.33333333333333326,0.7661998132586368,7.0
Vastrapur,2023,7,7,2.2857142857142856,0.14285714285714285,0.14285714285714285,0.0,0.5714285714285714,0.0,0.2857142857142857,0.2857142857142857,7,12.857142857142858,-0.4999999999999997,-0.8660254037844388,3,0,3,0,0,0,0,1,8.0,6.0,4.0,5.588235294117647,6.0,4.5,1.9999999999999998,-0.125,0.7661998132586368,5.0
Vastrapur,2023,8,5,2.4,0.2,0.4,0.0,0.0,0.0,0.2,0.4,3,13.8,-0.8660254037844385,-0.5000000000000004,3,0,3,0,0,0,0,1,7.0,8.0,6.0,5.588235294117647,7.0,5.333333333333333,0.9999999999999998,-0.2857142857142857,0.7661998132586368,2.0
Vastrapur,2023,9,2,2.5,0.5,0.0,0.0,0.0,0.0,0.5,0.0,2,16.5,-1.0,-1.8369701987210297e-16,3,0,3,0,0,0,0,1,5.0,7.0,8.0,5.588235294117647,6.666666666666667,5.666666666666667,1.5275252316519468,-0.6,0.7661998132586368,12.0
Vastrapur,2023,10,12,2.3333333333333335,0.0,0.5833333333333334,0.25,0.08333333333333333,0.4166666666666667,0.16666666666666666,0.4166666666666667,8,10.416666666666666,-0.8660254037844386,0.5000000000000001,4,1,3,0,0,0,0,1,2.0,5.0,7.0,5.588235294117647,4.666666666666667,5.333333333333333,2.5166114784235836,5.0,0.7661998132586368,9.0
Vastrapur,2023,12,9,2.111111111111111,0.0,0.5555555555555556,0.4444444444444444,0.2222222222222222,0.1111111111111111,0.3333333333333333,0.4444444444444444,7,13.777777777777779,-2.4492935982947064e-16,1.0,4,1,3,0,0,0,0,1,12.0,2.0,5.0,5.588235294117647,6.333333333333333,6.666666666666667,5.131601439446884,-0.25,0.7661998132586368,6.0
Vastrapur,2024,1,6,3.0,0.5,0.16666666666666666,0.16666666666666666,0.3333333333333333,0.0,0.16666666666666666,0.6666666666666666,5,17.166666666666668,0.49999999999999994,0.8660254037844387,1,1,3,0,0,0,0,1,9.0,12.0,2.0,5.588235294117647,7.666666666666667,7.166666666666667,5.131601439446884,-0.33333333333333337,0.7661998132586368,2.0
Vastrapur,2024,2,2,2.0,0.0,0.0,0.5,0.5,0.0,0.0,0.0,2,20.5,0.8660254037844386,0.5000000000000001,1,0,3,0,0,0,0,1,6.0,9.0,12.0,2.0,9.0,6.833333333333333,2.9999999999999996,-0.6666666666666667,0.0,5.0
Vastrapur,2024,3,5,2.4,0.2,0.2,0.4,0.2,0.2,0.6,0.4,4,12.4,1.0,6.123233995736766e-17,1,1,3,0,0,0,0,1,2.0,6.0,9.0,3.0,5.666666666666667,6.0,3.5118845842842457,1.5,0.6666666666666667,7.0
Vastrapur,2024,4,7,1.7142857142857142,0.0,0.14285714285714285,0.14285714285714285,0.42857142857142855,0.0,0.14285714285714285,0.5714285714285714,6,17.142857142857142,0.8660254037844387,-0.4999999999999998,2,0,3,0,0,0,0,1,5.0,2.0,6.0,4.0,4.333333333333333,6.0,2.0816659994661326,0.3999999999999999,0.75,7.0
Vastrapur,2024,5,7,1.5714285714285714,0.0,0.14285714285714285,0.14285714285714285,0.2857142857142857,0.0,0.14285714285714285,0.2857142857142857,6,13.857142857142858,0.49999999999999994,-0.8660254037844387,2,0,3,0,0,0,0,1,7.0,5.0,2.0,4.0,4.666666666666667,6.833333333333333,2.516611478423583,0.0,0.75,6.0
Vastrapur,2024,6,6,2.5,0.16666666666666666,0.3333333333333333,0.6666666666666666,0.5,0.0,0.3333333333333333,0.3333333333333333,5,4.166666666666667,1.2246467991473532e-16,-1.0,2,0,3,0,0,0,0,1,7.0,7.0,5.0,6.0,6.333333333333333,6.0,1.1547005383792524,-0.1428571428571429,0.0,6.0
Vastrapur,2024,7,6,2.5,0.16666666666666666,0.16666666666666666,0.0,0.8333333333333334,0.0,0.16666666666666666,0.8333333333333334,3,13.833333333333334,-0.4999999999999997,-0.8660254037844388,3,0,3,0,0,0,0,1,6.0,7.0,7.0,8.0,6.666666666666667,5.5,0.5773502691896258,0.0,-0.25,5.0
Vastrapur,2024,8,5,2.4,0.0,0.4,0.2,0.2,0.0,0.0,1.0,3,14.0,-0.8660254037844385,-0.5000000000000004,3,0,3,0,0,0,0,1,6.0,6.0,7.0,7.0,6.333333333333333,5.5,0.5773502691896258,-0.16666666666666663,-0.2857142857142857,7.0
Vastrapur,2024,9,7,2.857142857142857,0.2857142857142857,0.2857142857142857,0.2857142857142857,0.14285714285714285,0.0,0.2857142857142857,0.42857142857142855,6,14.571428571428571,-1.0,-1.8369701987210297e-16,3,0,3,0,0,0,0,1,5.0,6.0,6.0,5.0,5.666666666666667,6.0,0.5773502691896258,0.3999999999999999,0.3999999999999999,6.0
Vastrapur,2024,10,6,1.6666666666666667,0.0,0.16666666666666666,0.3333333333333333,0.5,0.5,0.0,0.5,6,15.833333333333334,-0.8660254037844386,0.5000000000000001,4,1,3,0,0,0,0,1,7.0,5.0,6.0,2.0,6.0,6.333333333333333,1.0,-0.1428571428571429,2.0,7.0
Vastrapur,2024,11,7,2.4285714285714284,0.2857142857142857,0.14285714285714285,0.14285714285714285,0.42857142857142855,0.0,0.42857142857142855,0.42857142857142855,5,10.285714285714286,-0.5000000000000004,0.8660254037844384,4,1,3,0,0,0,0,1,6.0,7.0,5.0,12.0,6.0,6.166666666666667,1.0,0.16666666666666674,-0.41666666666666663,10.0
Vastrapur,2024,12,10,2.4,0.1,0.4,0.1,0.2,0.1,0.1,0.3,6,11.0,-2.4492935982947064e-16,1.0,4,1,3,0,0,0,0,1,7.0,6.0,7.0,9.0,6.666666666666667,6.166666666666667,0.5773502691896258,0.4285714285714286,0.11111111111111116,13.0
Vastrapur,2025,1,13,2.6153846153846154,0.38461538461538464,0.23076923076923078,0.3076923076923077,0.15384615384615385,0.46153846153846156,0.46153846153846156,0.23076923076923078,9,10.461538461538462,0.49999999999999994,0.8660254037844387,1,1,3,0,0,0,0,1,10.0,7.0,6.0,6.0,7.666666666666667,6.833333333333333,2.0816659994661326,0.30000000000000004,1.1666666666666665,9.0
Vastrapur,2025,2,9,2.5555555555555554,0.2222222222222222,0.3333333333333333,0.0,0.1111111111111111,0.0,0.2222222222222222,0.5555555555555556,6,13.333333333333334,0.8660254037844386,0.5000000000000001,1,0,3,0,0,0,0,1,13.0,10.0,7.0,2.0,10.0,8.0,3.0,-0.3076923076923077,3.5,14.0
Vastrapur,2025,3,14,2.5,0.42857142857142855,0.0,0.5,0.2857142857142857,0.07142857142857142,0.2857142857142857,0.35714285714285715,7,12.642857142857142,1.0,6.123233995736766e-17,1,1,3,0,0,0,0,1,9.0,13.0,10.0,5.0,10.666666666666666,8.666666666666666,2.0816659994661326,0.5555555555555556,1.7999999999999998,14.0
Vastrapur,2025,4,14,2.7142857142857144,0.21428571428571427,0.35714285714285715,0.14285714285714285,0.2857142857142857,0.0,0.5714285714285714,0.42857142857142855,7,15.785714285714286,0.8660254037844387,-0.4999999999999998,2,0,3,0,0,0,0,1,14.0,9.0,13.0,7.0,12.0,9.833333333333334,2.6457513110645903,0.0,1.0,14.0
Vastrapur,2025,5,14,2.2857142857142856,0.0,0.42857142857142855,0.2857142857142857,0.14285714285714285,0.0,0.21428571428571427,0.42857142857142855,11,13.142857142857142,0.49999999999999994,-0.8660254037844387,2,0,3,0,0,0,0,1,14.0,14.0,9.0,7.0,12.333333333333334,11.166666666666666,2.8867513459481287,0.0,1.0,11.0
Vastrapur,2025,6,11,2.1818181818181817,0.0,0.45454545454545453,0.36363636363636365,0.18181818181818182,0.0,0.2727272727272727,0.5454545454545454,7,9.454545454545455,1.2246467991473532e-16,-1.0,2,0,3,0,0,0,0,1,14.0,14.0,14.0,6.0,14.0,12.333333333333334,0.0,-0.2142857142857143,0.8333333333333333,1.0
Vatva,2023,1,9,2.3333333333333335,0.1111111111111111,0.2222222222222222,0.2222222222222222,0.3333333333333333,0.2222222222222222,0.3333333333333333,0.4444444444444444,8,11.88888888888889,0.49999999999999994,0.8660254037844387,1,1,5,0,0,0,1,0,14.78125,15.225806451612904,15.633333333333333,11.142857142857142,14.999999999999998,14.586979166666667,0.0,0.05279990605969177,0.7553749821606965,7.0
Vatva,2023,2,7,2.7142857142857144,0.14285714285714285,0.5714285714285714,0.42857142857142855,0.42857142857142855,0.0,0.42857142857142855,0.42857142857142855,6,9.714285714285714,0.8660254037844386,0.5000000000000001,1,0,5,0,0,0,1,0,9.0,15.225806451612904,15.633333333333333,11.142857142857142,9.0,9.0,0.0,-0.2222222222222222,0.7553749821606965,13.0
Vatva,2023,3,13,2.3076923076923075,0.15384615384615385,0.3076923076923077,0.5384615384615384,0.38461538461538464,0.0,0.15384615384615385,0.6923076923076923,7,9.692307692307692,1.0,6.123233995736766e-17,1,1,5,0,0,0,1,0,7.0,9.0,15.633333333333333,11.142857142857142,8.0,8.0,1.4142135623730951,0.8571428571428572,0.7553749821606965,8.0
Vatva,2023,4,8,2.625,0.125,0.375,0.125,0.5,0.0,0.25,0.375,7,15.875,0.8660254037844387,-0.4999999999999998,2,0,5,0,0,0,1,0,13.0,7.0,9.0,11.142857142857142,9.666666666666666,9.666666666666666,3.0550504633038935,-0.3846153846153846,0.7553749821606965,9.0
Vatva,2023,5,9,2.2222222222222223,0.1111111111111111,0.2222222222222222,0.0,0.6666666666666666,0.0,0.1111111111111111,0.6666666666666666,5,17.11111111111111,0.49999999999999994,-0.8660254037844387,2,0,5,0,0,0,1,0,8.0,13.0,7.0,11.142857142857142,9.333333333333334,9.25,3.214550253664319,0.125,0.7553749821606965,5.0
Vatva,2023,6,5,2.6,0.0,0.6,0.2,0.2,0.0,0.2,0.8,4,11.8,1.2246467991473532e-16,-1.0,2,0,5,0,0,0,1,0,9.0,8.0,13.0,11.142857142857142,10.0,9.2,2.645751311064591,-0.4444444444444444,0.7553749821606965,5.0
Vatva,2023,7,5,2.8,0.4,0.2,0.0,0.4,0.0,0.4,0.2,5,12.8,-0.4999999999999997,-0.8660254037844388,3,0,5,0,0,0,1,0,5.0,9.0,8.0,11.142857142857142,7.333333333333333,8.5,2.0816659994661335,0.0,0.7553749821606965,9.0
Vatva,2023,8,9,2.111111111111111,0.0,0.4444444444444444,0.1111111111111111,0.3333333333333333,0.0,0.3333333333333333,0.2222222222222222,7,17.555555555555557,-0.8660254037844385,-0.5000000000000004,3,0,5,0,0,0,1,0,5.0,5.0,9.0,11.142857142857142,6.333333333333333,7.833333333333333,2.309401076758504,0.8,0.7553749821606965,7.0
Vatva,2023,9,7,2.4285714285714284,0.0,0.7142857142857143,0.2857142857142857,0.42857142857142855,0.0,0.2857142857142857,0.2857142857142857,5,18.714285714285715,-1.0,-1.8369701987210297e-16,3,0,5,0,0,0,1,0,9.0,5.0,5.0,11.142857142857142,6.333333333333333,8.166666666666666,2.3094010767585034,-0.2222222222222222,0.7553749821606965,15.0
Vatva,2023,10,15,2.2,0.06666666666666667,0.3333333333333333,0.2,0.2,0.13333333333333333,0.4666666666666667,0.3333333333333333,8,12.933333333333334,-0.8660254037844386,0.5000000000000001,4,1,5,0,0,0,1,0,7.0,9.0,5.0,11.142857142857142,7.0,7.166666666666667,2.0,1.1428571428571428,0.7553749821606965,12.0
Vatva,2023,11,12,2.25,0.16666666666666666,0.16666666666666666,0.25,0.4166666666666667,0.16666666666666666,0.25,0.5833333333333334,8,13.583333333333334,-0.5000000000000004,0.8660254037844384,4,1,5,0,0,0,1,0,15.0,7.0,9.0,11.142857142857142,10.333333333333334,8.333333333333334,4.163331998932265,-0.19999999999999996,0.7553749821606965,15.0
Vatva,2023,12,15,2.933333333333333,0.26666666666666666,0.4,0.3333333333333333,0.2,0.0,0.26666666666666666,0.5333333333333333,8,9.133333333333333,-2.4492935982947064e-16,1.0,4,1,5,0,0,0,1,0,12.0,15.0,7.0,11.142857142857142,11.333333333333334,8.833333333333334,4.041451884327381,0.25,0.7553749821606965,18.0
Vatva,2024,1,18,2.3333333333333335,0.16666666666666666,0.2222222222222222,0.3333333333333333,0.2777777777777778,0.05555555555555555,0.16666666666666666,0.4444444444444444,12,17.555555555555557,0.49999999999999994,0.8660254037844387,1,1,5,0,0,0,1,0,15.0,12.0,15.0,9.0,14.0,10.5,1.7320508075688763,0.19999999999999996,1.0,14.0
Vatva,2024,2,14,2.642857142857143,0.2857142857142857,0.21428571428571427,0.35714285714285715,0.2857142857142857,0.0,0.2857142857142857,0.35714285714285715,12,14.785714285714286,0.8660254037844386,0.5000000000000001,1,0,5,0,0,0,1,0,18.0,15.0,12.0,7.0,15.0,12.666666666666666,2.9999999999999996,-0.2222222222222222,1.0,11.0
Vatva,2024,3,11,1.8181818181818181,0.0,0.2727272727272727,0.36363636363636365,0.2727272727272727,0.0,0.2727272727272727,0.45454545454545453,7,12.363636363636363,1.0,6.123233995736766e-17,1,1,5,0,0,0,1,0,14.0,18.0,15.0,13.0,15.666666666666666,13.5,2.0816659994661317,-0.2142857142857143,-0.15384615384615385,16.0
Vatva,2024,4,16,2.375,0.125,0.25,0.4375,0.375,0.0,0.1875,0.375,10,9.5,0.8660254037844387,-0.4999999999999998,2,0,5,0,0,0,1,0,11.0,14.0,18.0,8.0,14.333333333333334,14.166666666666666,3.511884584284246,0.4545454545454546,1.0,6.0
Vatva,2024,5,6,2.8333333333333335,0.5,0.0,0.5,0.3333333333333333,0.0,0.6666666666666666,0.3333333333333333,5,11.666666666666666,0.49999999999999994,-0.8660254037844387,2,0,5,0,0,0,1,0,16.0,11.0,14.0,9.0,13.666666666666666,14.333333333333334,2.5166114784235836,-0.625,-0.33333333333333337,11.0
Vatva,2024,6,11,2.272727272727273,0.09090909090909091,0.36363636363636365,0.2727272727272727,0.2727272727272727,0.0,0.18181818181818182,0.36363636363636365,9,12.090909090909092,1.2246467991473532e-16,-1.0,2,0,5,0,0,0,1,0,6.0,16.0,11.0,5.0,11.0,13.333333333333334,5.0,0.8333333333333333,1.2000000000000002,11.0
Vatva,2024,7,11,2.1818181818181817,0.09090909090909091,0.36363636363636365,0.36363636363636365,0.0,0.0,0.36363636363636365,0.2727272727272727,10,14.0,-0.4999999999999997,-0.8660254037844388,3,0,5,0,0,0,1,0,11.0,6.0,16.0,5.0,11.0,12.666666666666666,5.0,0.0,1.2000000000000002,12.0
Vatva,2024,8,12,2.3333333333333335,0.25,0.08333333333333333,0.16666666666666666,0.3333333333333333,0.0,0.16666666666666666,0.6666666666666666,8,13.5,-0.8660254037844385,-0.5000000000000004,3,0,5,0,0,0,1,0,11.0,11.0,6.0,9.0,9.333333333333334,11.5,2.8867513459481287,0.09090909090909083,0.33333333333333326,21.0
Vatva,2024,9,21,2.4285714285714284,0.19047619047619047,0.2857142857142857,0.2857142857142857,0.23809523809523808,0.0,0.42857142857142855,0.3333333333333333,12,12.333333333333334,-1.0,-1.8369701987210297e-16,3,0,5,0,0,0,1,0,12.0,11.0,11.0,7.0,11.333333333333334,11.166666666666666,0.5773502691896255,0.75,2.0,16.0
Vatva,2024,10,16,2.6875,0.1875,0.5,0.4375,0.25,0.3125,0.25,0.5625,8,11.25,-0.8660254037844386,0.5000000000000001,4,1,5,0,0,0,1,0,21.0,12.0,11.0,15.0,14.666666666666666,12.833333333333334,5.507570547286102,-0.23809523809523814,0.06666666666666665,21.0
Vatva,2024,11,21,2.0952380952380953,0.14285714285714285,0.14285714285714285,0.14285714285714285,0.3333333333333333,0.14285714285714285,0.19047619047619047,0.6666666666666666,10,13.80952380952381,-0.5000000000000004,0.8660254037844384,4,1,5,0,0,0,1,0,16.0,21.0,12.0,12.0,16.333333333333332,12.833333333333334,4.509249752822894,0.3125,0.75,20.0
Vatva,2024,12,20,2.3,0.15,0.25,0.2,0.25,0.05,0.3,0.4,10,14.15,-2.4492935982947064e-16,1.0,4,1,5,0,0,0,1,0,21.0,16.0,21.0,15.0,19.333333333333332,15.333333333333334,2.8867513459481304,-0.04761904761904767,0.33333333333333326,24.0
Vatva,2025,1,24,2.375,0.16666666666666666,0.2916666666666667,0.20833333333333334,0.125,0.20833333333333334,0.16666666666666666,0.625,10,15.041666666666666,0.49999999999999994,0.8660254037844387,1,1,5,0,0,0,1,0,20.0,21.0,16.0,18.0,19.0,16.833333333333332,2.645751311064592,0.19999999999999996,0.33333333333333326,34.0
Vatva,2025,2,34,2.264705882352941,0.08823529411764706,0.38235294117647056,0.2647058823529412,0.23529411764705882,0.0,0.2647058823529412,0.6176470588235294,12,11.794117647058824,0.8660254037844386,0.5000000000000001,1,0,5,0,0,0,1,0,24.0,20.0,21.0,14.0,21.666666666666668,19.0,2.081665999466134,0.41666666666666674,1.4285714285714284,38.0
Vatva,2025,3,38,2.4210526315789473,0.15789473684210525,0.2631578947368421,0.3157894736842105,0.2894736842105263,0.02631578947368421,0.3684210526315789,0.4473684210526316,14,13.105263157894736,1.0,6.123233995736766e-17,1,1,5,0,0,0,1,0,34.0,24.0,20.0,11.0,26.0,22.666666666666668,7.211102550927979,0.11764705882352944,2.4545454545454546,31.0
Vatva,2025,4,31,2.161290322580645,0.12903225806451613,0.22580645161290322,0.22580645161290322,0.1935483870967742,0.0,0.1935483870967742,0.6451612903225806,10,11.516129032258064,0.8660254037844387,-0.4999999999999998,2,0,5,0,0,0,1,0,38.0,34.0,24.0,16.0,32.0,25.5,7.211102550927979,-0.1842105263157895,0.9375,30.0
Vatva,2025,5,30,2.5,0.2,0.3,0.4,0.36666666666666664,0.0,0.4,0.36666666666666664,14,12.866666666666667,0.49999999999999994,-0.8660254037844387,2,0,5,0,0,0,1,0,31.0,38.0,34.0,6.0,34.333333333333336,28.0,3.5118845842842483,-0.032258064516129004,4.0,21.0
Vatva,2025,6,21,2.0952380952380953,0.09523809523809523,0.23809523809523808,0.2857142857142857,0.2857142857142857,0.0,0.14285714285714285,0.7142857142857143,7,11.80952380952381,1.2246467991473532e-16,-1.0,2,0,5,0,0,0,1,0,30.0,31.0,38.0,11.0,33.0,29.5,4.358898943540675,-0.30000000000000004,0.9090909090909092,3.0
Vatva,2025,7,3,3.0,0.6666666666666666,0.0,0.0,0.3333333333333333,0.0,0.3333333333333333,0.6666666666666666,3,13.0,-0.4999999999999997,-0.8660254037844388,3,0,5,0,0,0,1,0,21.0,30.0,31.0,11.0,27.333333333333332,29.666666666666668,5.507570547286103,-0.8571428571428572,-0.7272727272727273,1.0
Vatva,2025,8,1,2.0,0.0,0.0,1.0,0.0,0.0,0.0,1.0,1,23.0,-0.8660254037844385,-0.5000000000000004,3,0,5,0,0,0,1,0,3.0,21.0,30.0,12.0,18.0,26.166666666666668,13.74772708486752,-0.6666666666666667,-0.9166666666666666,1.0
Vatva,2025,9,1,3.0,0.0,1.0,1.0,1.0,0.0,0.0,1.0,1,23.0,-1.0,-1.8369701987210297e-16,3,1,5,0,0,0,1,0,1.0,3.0,21.0,21.0,8.333333333333334,20.666666666666668,11.015141094572204,0.0,-0.9523809523809523,2.0
Vejalpur,2023,1,3,1.3333333333333333,0.0,0.0,0.3333333333333333,0.3333333333333333,0.3333333333333333,0.0,0.3333333333333333,2,16.0,0.49999999999999994,0.8660254037844387,1,1,3,0,0,0,1,0,6.586206896551724,6.464285714285714,6.074074074074074,5.777777777777778,6.275862068965515,6.028735632183906,0.0,0.2502511349367333,0.5464065255731922,5.0
Vejalpur,2023,2,5,2.4,0.4,0.0,0.4,0.2,0.0,0.0,0.8,3,20.0,0.8660254037844386,0.5000000000000001,1,0,3,0,0,0,1,0,3.0,6.464285714285714,6.074074074074074,5.777777777777778,3.0,3.0,0.0,0.6666666666666667,0.5464065255731922,9.0
Vejalpur,2023,3,9,2.7777777777777777,0.1111111111111111,0.6666666666666666,0.0,0.5555555555555556,0.1111111111111111,0.3333333333333333,0.2222222222222222,6,15.666666666666666,1.0,6.123233995736766e-17,1,1,3,0,0,0,1,0,5.0,3.0,6.074074074074074,5.777777777777778,4.0,4.0,1.4142135623730951,0.8,0.5464065255731922,5.0
Vejalpur,2023,4,5,2.0,0.2,0.0,0.4,0.6,0.0,0.4,0.4,5,8.6,0.8660254037844387,-0.4999999999999998,2,0,3,0,0,0,1,0,9.0,5.0,3.0,5.777777777777778,5.666666666666667,5.666666666666667,3.055050463303893,-0.4444444444444444,0.5464065255731922,8.0
Vejalpur,2023,5,8,3.0,0.375,0.375,0.375,0.0,0.0,0.625,0.25,7,13.75,0.49999999999999994,-0.8660254037844387,2,0,3,0,0,0,1,0,5.0,9.0,5.0,5.777777777777778,6.333333333333333,5.5,2.3094010767585025,0.6000000000000001,0.5464065255731922,3.0
Vejalpur,2023,6,3,2.6666666666666665,0.3333333333333333,0.3333333333333333,0.3333333333333333,0.3333333333333333,0.0,0.3333333333333333,0.6666666666666666,2,21.333333333333332,1.2246467991473532e-16,-1.0,2,0,3,0,0,0,1,0,8.0,5.0,9.0,5.777777777777778,7.333333333333333,6.0,2.0816659994661326,-0.625,0.5464065255731922,5.0
Vejalpur,2023,7,5,2.8,0.4,0.0,0.2,0.4,0.0,0.6,0.2,3,10.0,-0.4999999999999997,-0.8660254037844388,3,0,3,0,0,0,1,0,3.0,8.0,5.0,5.777777777777778,5.333333333333333,5.5,2.5166114784235827,0.6666666666666667,0.5464065255731922,7.0
Vejalpur,2023,8,7,2.4285714285714284,0.14285714285714285,0.14285714285714285,0.14285714285714285,0.2857142857142857,0.0,0.14285714285714285,0.42857142857142855,6,17.0,-0.8660254037844385,-0.5000000000000004,3,0,3,0,0,0,1,0,5.0,3.0,8.0,5.777777777777778,5.333333333333333,5.833333333333333,2.5166114784235827,0.3999999999999999,0.5464065255731922,8.0
Vejalpur,2023,9,8,2.5,0.25,0.125,0.375,0.25,0.0,0.5,0.0,5,14.125,-1.0,-1.8369701987210297e-16,3,0,3,0,0,0,1,0,7.0,5.0,3.0,5.777777777777778,5.0,6.166666666666667,1.9999999999999993,0.1428571428571428,0.5464065255731922,9.0
Vejalpur,2023,10,9,2.111111111111111,0.0,0.3333333333333333,0.3333333333333333,0.3333333333333333,0.3333333333333333,0.0,1.0,5,10.0,-0.8660254037844386,0.5000000000000001,4,1,3,0,0,0,1,0,8.0,7.0,5.0,5.777777777777778,6.666666666666667,6.0,1.5275252316519459,0.125,0.5464065255731922,9.0
Vejalpur,2023,11,9,2.111111111111111,0.1111111111111111,0.3333333333333333,0.5555555555555556,0.2222222222222222,0.1111111111111111,0.2222222222222222,0.7777777777777778,7,14.222222222222221,-0.5000000000000004,0.8660254037844384,4,1,3,0,0,0,1,0,9.0,8.0,7.0,5.777777777777778,8.0,6.666666666666667,0.9999999999999984,0.0,0.5464065255731922,7.0
Vejalpur,2023,12,7,2.4285714285714284,0.14285714285714285,0.2857142857142857,0.5714285714285714,0.14285714285714285,0.0,0.42857142857142855,0.2857142857142857,7,13.285714285714286,-2.4492935982947064e-16,1.0,4,1,3,0,0,0,1,0,9.0,9.0,8.0,5.777777777777778,8.666666666666666,6.833333333333333,0.5773502691896232,-0.2222222222222222,0.5464065255731922,2.0
Vejalpur,2024,1,2,3.0,0.5,0.0,0.5,0.0,0.0,0.5,0.0,2,18.0,0.49999999999999994,0.8660254037844387,1,1,3,0,0,0,1,0,7.0,9.0,9.0,3.0,8.333333333333334,7.5,1.1547005383792517,-0.7142857142857143,-0.33333333333333337,4.0
Vejalpur,2024,2,4,1.75,0.0,0.25,0.25,0.0,0.0,0.0,0.5,4,11.5,0.8660254037844386,0.5000000000000001,1,0,3,0,0,0,1,0,2.0,7.0,9.0,5.0,6.0,7.0,3.605551275463989,1.0,-0.19999999999999996,6.0
Vejalpur,2024,3,6,3.1666666666666665,0.3333333333333333,0.5,0.3333333333333333,0.5,0.0,0.3333333333333333,0.3333333333333333,5,19.333333333333332,1.0,6.123233995736766e-17,1,1,3,0,0,0,1,0,4.0,2.0,7.0,9.0,4.333333333333333,6.5,2.516611478423583,0.5,-0.33333333333333337,6.0
Vejalpur,2024,4,6,3.1666666666666665,0.5,0.16666666666666666,0.3333333333333333,0.5,0.0,0.16666666666666666,0.5,6,12.333333333333334,0.8660254037844387,-0.4999999999999998,2,0,3,0,0,0,1,0,6.0,4.0,2.0,5.0,4.0,6.166666666666667,1.9999999999999998,0.0,0.19999999999999996,4.0
Vejalpur,2024,5,4,2.5,0.25,0.25,0.25,0.5,0.0,0.5,0.5,4,11.5,0.49999999999999994,-0.8660254037844387,2,0,3,0,0,0,1,0,6.0,6.0,4.0,8.0,5.333333333333333,5.666666666666667,1.1547005383792515,-0.33333333333333337,-0.5,4.0
Vejalpur,2024,6,4,2.75,0.0,0.75,0.0,0.25,0.0,0.5,0.0,4,15.75,1.2246467991473532e-16,-1.0,2,0,3,0,0,0,1,0,4.0,6.0,6.0,3.0,5.333333333333333,4.833333333333333,1.1547005383792515,0.0,0.33333333333333326,5.0
Vejalpur,2024,7,5,2.6,0.0,0.6,0.2,0.6,0.0,0.2,0.4,5,12.4,-0.4999999999999997,-0.8660254037844388,3,0,3,0,0,0,1,0,4.0,4.0,6.0,5.0,4.666666666666667,4.333333333333333,1.1547005383792515,0.25,0.0,4.0
Vejalpur,2024,8,4,2.0,0.0,0.5,0.25,0.25,0.0,0.0,0.75,3,8.25,-0.8660254037844385,-0.5000000000000004,3,0,3,0,0,0,1,0,5.0,4.0,4.0,7.0,4.333333333333333,4.833333333333333,0.5773502691896258,-0.19999999999999996,-0.4285714285714286,3.0
Vejalpur,2024,9,3,1.6666666666666667,0.0,0.3333333333333333,0.3333333333333333,0.6666666666666666,0.0,0.0,0.3333333333333333,3,10.0,-1.0,-1.8369701987210297e-16,3,0,3,0,0,0,1,0,4.0,5.0,4.0,8.0,4.333333333333333,4.833333333333333,0.5773502691896258,-0.25,-0.625,10.0
Vejalpur,2024,10,10,2.3,0.1,0.5,0.6,0.3,0.4,0.4,0.4,7,10.6,-0.8660254037844386,0.5000000000000001,4,1,3,0,0,0,1,0,3.0,4.0,5.0,9.0,4.0,4.333333333333333,1.0,2.3333333333333335,0.11111111111111116,4.0
Vejalpur,2024,11,4,2.0,0.0,0.5,0.5,0.25,0.0,0.25,0.5,4,10.5,-0.5000000000000004,0.8660254037844384,4,1,3,0,0,0,1,0,10.0,3.0,4.0,9.0,5.666666666666667,5.0,3.785938897200183,-0.6,-0.5555555555555556,7.0
Vejalpur,2024,12,7,2.7142857142857144,0.14285714285714285,0.42857142857142855,0.42857142857142855,0.42857142857142855,0.0,0.0,0.42857142857142855,3,12.571428571428571,-2.4492935982947064e-16,1.0,4,1,3,0,0,0,1,0,4.0,10.0,3.0,7.0,5.666666666666667,5.0,3.785938897200183,0.75,0.0,15.0
Vejalpur,2025,1,15,2.466666666666667,0.2,0.26666666666666666,0.2,0.06666666666666667,0.26666666666666666,0.2,0.5333333333333333,11,11.066666666666666,0.49999999999999994,0.8660254037844387,1,1,3,0,0,0,1,0,7.0,4.0,10.0,2.0,7.0,5.5,3.0000000000000004,1.1428571428571428,6.5,7.0
Vejalpur,2025,2,7,1.8571428571428572,0.0,0.2857142857142857,0.14285714285714285,0.2857142857142857,0.0,0.14285714285714285,0.2857142857142857,6,16.142857142857142,0.8660254037844386,0.5000000000000001,1,0,3,0,0,0,1,0,15.0,7.0,4.0,4.0,8.666666666666666,7.166666666666667,5.686240703077328,-0.5333333333333333,0.75,5.0
Vejalpur,2025,3,5,2.6,0.4,0.0,0.6,0.4,0.0,0.2,0.4,3,10.8,1.0,6.123233995736766e-17,1,1,3,0,0,0,1,0,7.0,15.0,7.0,6.0,9.666666666666666,7.666666666666667,4.618802153517007,-0.2857142857142857,-0.16666666666666663,17.0
Vejalpur,2025,4,17,2.2941176470588234,0.058823529411764705,0.47058823529411764,0.5294117647058824,0.4117647058823529,0.0,0.23529411764705882,0.4117647058823529,8,10.0,0.8660254037844387,-0.4999999999999998,2,0,3,0,0,0,1,0,5.0,7.0,15.0,6.0,9.0,8.0,5.291502622129182,2.4,1.8333333333333335,10.0
Vejalpur,2025,5,10,2.2,0.0,0.3,0.3,0.5,0.0,0.3,0.6,7,15.9,0.49999999999999994,-0.8660254037844387,2,0,3,0,0,0,1,0,17.0,5.0,7.0,4.0,9.666666666666666,9.166666666666666,6.429100507328638,-0.4117647058823529,1.5,11.0
Vejalpur,2025,6,11,2.4545454545454546,0.09090909090909091,0.45454545454545453,0.36363636363636365,0.36363636363636365,0.0,0.2727272727272727,0.5454545454545454,8,12.636363636363637,1.2246467991473532e-16,-1.0,2,0,3,0,0,0,1,0,10.0,17.0,5.0,4.0,10.666666666666666,10.166666666666666,6.027713773341709,0.10000000000000009,1.75,1.0
